KP,KI,DELAY,SETTLINGTIME
90.1,0.1,0.08,161.0879478
90.1,0.1,0.09,161.1902154
90.1,0.1,0.1,161.26368
40.1,0.1,0.01,161.32656
40.1,0.1,0.02,161.36384
90.1,0.1,0.11,161.39084
40.1,0.1,0.03,161.3998933
40.1,0.1,0.04,161.4098933
90.1,0.1,0.12,161.4247429
40.1,0.1,0.05,161.4398933
40.1,0.1,0.06,161.44292
40.1,0.1,0.08,161.4632267
40.1,0.1,0.07,161.46656
80.1,0.1,0.01,161.6981511
80.1,0.1,0.02,161.7282909
80.1,0.1,0.03,161.7581143
80.1,0.1,0.04,161.7838286
80.1,0.1,0.05,161.8163122
80.1,0.1,0.06,161.8391349
130.1,0.1,0.01,161.864736
80.1,0.1,0.07,161.8745474
80.1,0.1,0.08,161.89592
130.1,0.1,0.02,161.9098933
80.1,0.1,0.09,161.9352444
130.1,0.1,0.03,161.96656
130.1,0.1,0.04,162.06568
130.1,0.1,0.05,162.19568
70.1,0.1,0.01,162.5486698
120.1,0.6,0.1,166.2588
120.1,0.1,0.1,166.3329714
120.1,0.6,0.11,166.4341647
120.1,0.1,0.11,166.5010333
120.1,0.1,0.12,166.575025
120.1,0.1,0.13,166.6456
110.1,0.1,0.16,167.5827636
110.1,0.1,0.17,167.6828645
110.1,0.1,0.18,167.7538054
100.1,0.1,0.2,168.6626222
100.1,0.1,0.21,168.7583765
20.1,0.1,0.01,181.7843
20.1,0.1,0.02,181.7868
20.1,0.1,0.03,181.7918118
20.1,0.1,0.04,181.80805
20.1,0.1,0.05,181.8143
20.1,0.1,0.06,181.83305
20.1,0.1,0.07,181.84055
20.1,0.1,0.08,181.8606353
20.1,0.1,0.09,181.8671059
20.1,0.1,0.1,181.88805
20.1,0.1,0.11,181.8944533
20.1,0.1,0.12,181.9164533
130.1,0.6,0.01,182.74384
130.1,0.6,0.02,182.76384
130.1,0.6,0.03,182.77568
120.1,0.1,0.01,182.84384
120.1,0.1,0.02,182.86384
120.1,0.1,0.03,182.87568
120.1,0.1,0.04,182.90384
120.1,0.1,0.05,182.91568
120.1,0.1,0.06,182.94384
120.1,0.1,0.07,182.96384
110.1,0.1,0.01,182.97384
120.1,0.1,0.08,182.985312
120.1,1.1,0.1,182.985312
110.1,0.1,0.02,183.00184
120.1,0.1,0.09,183.00368
120.1,0.6,0.01,183.01384
110.1,0.1,0.03,183.02184
120.1,0.6,0.02,183.03384
120.1,0.6,0.09,183.04184
110.1,0.1,0.04,183.04384
120.1,0.6,0.03,183.05384
120.1,0.6,0.04,183.07384
120.1,1.1,0.01,183.07384
110.1,0.1,0.05,183.07384
110.1,0.6,0.16,183.08184
110.1,0.1,0.06,183.08384
120.1,0.6,0.05,183.09384
110.1,0.6,0.17,183.10368
120.1,1.1,0.02,183.10384
120.1,0.6,0.06,183.11384
110.1,0.1,0.07,183.11384
120.1,1.1,0.03,183.12384
110.1,0.1,0.08,183.12384
120.1,1.1,0.04,183.13384
120.1,0.6,0.07,183.13384
110.1,0.6,0.01,183.14384
120.1,0.6,0.08,183.14568
100.1,0.1,0.01,183.15384
110.1,0.1,0.09,183.15384
120.1,1.1,0.05,183.16384
110.1,0.6,0.02,183.16384
110.1,0.1,0.1,183.16384
120.1,1.1,0.08,183.17384
120.1,1.6,0.01,183.18384
110.1,0.1,0.11,183.18384
100.1,0.1,0.02,183.18384
110.1,0.1,0.12,183.18568
120.1,2.1,0.01,183.19384
110.1,0.6,0.03,183.19384
110.1,0.6,0.04,183.20384
120.1,1.6,0.02,183.2098933
120.1,1.1,0.06,183.21384
120.1,1.6,0.08,183.21384
100.1,0.1,0.03,183.21384
120.1,1.1,0.09,183.21384
90.1,0.1,0.13,183.21568
110.1,0.1,0.13,183.21568
110.1,1.1,0.15,183.21568
120.1,2.1,0.02,183.21656
120.1,2.6,0.01,183.22384
110.1,0.6,0.05,183.22384
110.1,0.1,0.14,183.22568
100.1,0.1,0.04,183.2298933
120.1,1.6,0.03,183.2332267
110.1,1.1,0.01,183.23384
110.1,0.6,0.06,183.23656
120.1,2.1,0.03,183.2398933
120.1,2.6,0.02,183.24384
120.1,1.6,0.04,183.24384
120.1,2.1,0.04,183.2498933
100.1,0.6,0.2,183.25384
120.1,3.1,0.01,183.25384
100.1,0.1,0.05,183.25384
110.1,0.1,0.15,183.25568
110.1,1.1,0.02,183.25656
120.1,1.1,0.07,183.2598933
120.1,1.6,0.05,183.26384
110.1,0.6,0.07,183.26384
120.1,2.1,0.05,183.26656
100.1,0.1,0.06,183.2698933
120.1,1.6,0.06,183.27384
110.1,0.6,0.08,183.27384
120.1,3.1,0.02,183.27656
110.1,1.1,0.03,183.2798933
120.1,2.6,0.03,183.2798933
110.1,1.1,0.04,183.29384
120.1,2.6,0.04,183.29384
100.1,0.1,0.07,183.29384
120.1,1.6,0.07,183.29384
120.1,3.1,0.03,183.2998933
110.1,0.6,0.09,183.2998933
100.1,0.6,0.01,183.30656
100.1,0.1,0.08,183.3098933
110.1,1.1,0.05,183.3132267
120.1,2.6,0.05,183.3132267
110.1,0.6,0.1,183.31384
100.1,0.1,0.19,183.31384
110.1,1.6,0.01,183.3198933
120.1,2.1,0.06,183.3232267
110.1,1.1,0.06,183.32384
90.1,0.1,0.14,183.32568
100.1,0.6,0.02,183.3298933
100.1,0.1,0.09,183.33384
110.1,0.6,0.11,183.33384
90.1,0.1,0.15,183.33568
110.1,1.6,0.02,183.33656
110.1,2.1,0.01,183.3398933
120.1,2.1,0.07,183.3398933
110.1,5.1,0.01,183.34292
100.1,0.6,0.03,183.34656
110.1,1.1,0.07,183.34656
110.1,0.6,0.12,183.3498933
110.1,4.6,0.01,183.3532267
110.1,1.6,0.03,183.3532267
100.1,0.1,0.1,183.35384
110.1,1.1,0.08,183.35656
110.1,2.6,0.01,183.36292
110.1,2.1,0.02,183.3632267
100.1,0.6,0.04,183.3632267
110.1,3.1,0.01,183.36656
110.1,4.1,0.01,183.36792
110.1,1.6,0.04,183.3698933
110.1,4.6,0.02,183.37292
110.1,3.6,0.01,183.3732267
110.1,0.6,0.13,183.37384
110.1,5.1,0.02,183.37656
110.1,1.1,0.1,183.37656
110.1,0.6,0.14,183.37656
110.1,2.1,0.03,183.3798933
110.1,1.1,0.09,183.3798933
100.1,0.1,0.11,183.3798933
110.1,4.1,0.02,183.38292
110.1,2.6,0.02,183.3832267
90.1,0.1,0.01,183.38384
100.1,0.6,0.05,183.38656
110.1,1.6,0.05,183.38792
110.1,3.1,0.02,183.38792
100.1,0.1,0.12,183.3898933
110.1,3.6,0.02,183.39292
110.1,5.1,0.03,183.39292
100.1,1.1,0.01,183.3932267
110.1,4.6,0.03,183.3932267
110.1,0.6,0.15,183.39384
110.1,2.1,0.04,183.39656
110.1,3.6,0.03,183.3998933
110.1,1.1,0.11,183.3998933
110.1,2.6,0.03,183.40292
110.1,4.1,0.03,183.40292
110.1,1.6,0.06,183.40292
100.1,0.6,0.06,183.4032267
90.1,0.1,0.02,183.40384
110.1,3.1,0.03,183.40656
110.1,4.1,0.04,183.40792
110.1,1.1,0.12,183.4098933
100.1,1.1,0.02,183.41292
110.1,2.1,0.05,183.4132267
100.1,0.1,0.13,183.41384
110.1,3.6,0.04,183.41656
110.1,4.6,0.04,183.41656
110.1,2.6,0.04,183.41792
110.1,3.1,0.04,183.41792
110.1,1.6,0.07,183.4198933
90.1,0.1,0.03,183.42384
90.1,0.1,0.16,183.42568
110.1,4.1,0.05,183.42656
100.1,0.6,0.07,183.42656
100.1,1.1,0.03,183.42792
110.1,2.1,0.06,183.42792
110.1,2.6,0.06,183.4298933
110.1,4.6,0.05,183.43292
110.1,1.6,0.08,183.43292
110.1,3.6,0.05,183.4332267
110.1,1.1,0.13,183.4332267
90.1,0.1,0.17,183.43568
100.1,0.6,0.08,183.43656
100.1,0.1,0.14,183.43656
110.1,2.6,0.05,183.43792
110.1,3.1,0.05,183.44292
100.1,1.1,0.04,183.44292
110.1,4.1,0.06,183.44292
110.1,1.1,0.14,183.4432267
90.1,0.1,0.04,183.44384
100.1,0.1,0.18,183.44384
110.1,2.1,0.07,183.44656
110.1,2.6,0.07,183.44792
110.1,3.6,0.06,183.44792
110.1,3.1,0.06,183.45292
110.1,1.6,0.09,183.45292
110.1,2.1,0.08,183.45656
100.1,1.6,0.01,183.4598933
100.1,1.1,0.05,183.4598933
110.1,4.1,0.07,183.4598933
100.1,0.6,0.09,183.4598933
100.1,0.1,0.15,183.4598933
110.1,1.6,0.1,183.46292
110.1,3.6,0.07,183.46792
110.1,2.6,0.08,183.4698933
110.1,1.6,0.12,183.4698933
100.1,1.1,0.06,183.47292
110.1,3.1,0.07,183.47292
90.1,0.1,0.05,183.4732267
110.1,2.1,0.09,183.4732267
100.1,0.1,0.16,183.47656
100.1,1.6,0.02,183.47792
110.1,3.6,0.08,183.47792
100.1,0.6,0.1,183.47792
110.1,2.6,0.09,183.47792
110.1,1.6,0.11,183.4798933
100.1,5.6,0.01,183.480736
100.1,5.1,0.01,183.48292
100.1,6.1,0.01,183.48292
110.1,3.1,0.08,183.48292
110.1,2.1,0.1,183.4832267
90.1,0.1,0.06,183.48384
110.1,3.1,0.09,183.48656
100.1,0.6,0.19,183.48656
90.1,7.1,0.01,183.48792
100.1,2.1,0.01,183.48792
100.1,4.6,0.01,183.48792
110.1,1.6,0.13,183.48792
100.1,4.1,0.01,183.49292
100.1,1.6,0.03,183.49292
100.1,1.1,0.07,183.49292
110.1,1.6,0.14,183.49656
100.1,5.6,0.02,183.49792
110.1,2.6,0.1,183.49792
110.1,3.1,0.1,183.49792
100.1,0.6,0.11,183.49792
100.1,5.1,0.02,183.502736
100.1,6.1,0.02,183.502736
100.1,2.6,0.01,183.50292
100.1,3.6,0.01,183.50292
110.1,2.1,0.11,183.50292
100.1,4.6,0.02,183.50292
100.1,1.1,0.08,183.5032267
90.1,0.1,0.07,183.50656
100.1,0.1,0.17,183.50656
100.1,2.1,0.02,183.50792
100.1,1.6,0.04,183.50792
100.1,3.1,0.01,183.51292
100.1,4.1,0.02,183.51292
100.1,0.6,0.12,183.51292
110.1,2.1,0.12,183.51292
90.1,0.1,0.18,183.51384
100.1,5.1,0.03,183.51792
100.1,5.6,0.03,183.51792
110.1,2.6,0.11,183.51792
100.1,3.6,0.02,183.518736
100.1,4.6,0.03,183.52292
100.1,1.6,0.05,183.52292
100.1,1.1,0.09,183.52292
80.1,0.1,0.1,183.52568
100.1,2.6,0.02,183.52792
100.1,4.1,0.03,183.528736
100.1,3.1,0.02,183.530736
110.1,2.1,0.13,183.53292
90.1,0.1,0.19,183.53384
100.1,1.1,0.1,183.53656
100.1,1.1,0.18,183.53656
100.1,5.1,0.04,183.53792
100.1,5.6,0.04,183.53792
100.1,1.6,0.06,183.53792
100.1,2.1,0.03,183.53792
100.1,3.6,0.03,183.53792
100.1,0.6,0.13,183.53792
100.1,2.6,0.03,183.54292
100.1,4.6,0.04,183.54292
100.1,3.1,0.03,183.54792
100.1,4.1,0.04,183.54792
100.1,0.6,0.14,183.5498933
100.1,2.1,0.04,183.55292
100.1,1.6,0.07,183.55292
80.1,0.1,0.11,183.55568
100.1,2.6,0.04,183.55792
100.1,3.6,0.04,183.55792
100.1,5.1,0.05,183.55792
100.1,1.1,0.11,183.55792
100.1,4.6,0.05,183.56292
100.1,3.1,0.04,183.566736
100.1,2.1,0.05,183.56792
100.1,4.1,0.05,183.56792
100.1,0.6,0.15,183.56792
100.1,1.6,0.08,183.56792
100.1,0.6,0.18,183.56792
100.1,3.6,0.05,183.57292
100.1,1.1,0.12,183.57292
100.1,2.6,0.06,183.57792
90.1,6.6,0.01,183.57792
100.1,2.6,0.05,183.57792
100.1,2.1,0.06,183.578736
100.1,5.1,0.06,183.578736
100.1,4.6,0.06,183.582736
100.1,3.1,0.05,183.58292
100.1,1.6,0.09,183.58292
100.1,0.6,0.16,183.58292
90.1,0.6,0.01,183.58384
80.1,0.1,0.12,183.58568
90.1,0.6,0.03,183.58656
100.1,1.1,0.13,183.58792
100.1,4.1,0.06,183.58792
100.1,3.6,0.06,183.59292
100.1,2.1,0.08,183.59292
90.1,0.1,0.2,183.59384
90.1,6.6,0.02,183.594736
90.1,0.6,0.02,183.59656
100.1,2.1,0.07,183.596736
100.1,2.6,0.07,183.596736
100.1,1.6,0.1,183.59792
90.1,6.1,0.01,183.60292
100.1,3.1,0.06,183.60292
100.1,4.6,0.07,183.60292
100.1,1.1,0.14,183.60292
90.1,0.6,0.04,183.6032267
90.1,1.1,0.04,183.6032267
90.1,0.1,0.21,183.60384
100.1,3.1,0.07,183.60792
100.1,4.1,0.07,183.60792
100.1,0.6,0.17,183.60792
100.1,2.6,0.08,183.60792
100.1,4.6,0.08,183.60792
100.1,2.1,0.09,183.608736
90.1,5.6,0.01,183.61292
100.1,3.6,0.07,183.61292
100.1,1.6,0.11,183.61292
100.1,1.1,0.17,183.61292
80.1,0.1,0.13,183.61568
90.1,6.1,0.02,183.61792
90.1,5.1,0.01,183.61792
100.1,2.1,0.1,183.618736
90.1,0.6,0.05,183.6198933
90.1,6.6,0.03,183.62292
100.1,1.1,0.15,183.62292
100.1,3.1,0.08,183.62292
90.1,1.1,0.05,183.62656
90.1,4.6,0.01,183.62792
100.1,2.6,0.09,183.62792
90.1,5.6,0.02,183.62792
100.1,4.1,0.08,183.62792
100.1,1.6,0.12,183.62792
90.1,5.1,0.02,183.63292
100.1,4.1,0.09,183.63292
100.1,3.6,0.08,183.634736
90.1,0.6,0.06,183.63656
90.1,5.6,0.08,183.63792
100.1,1.1,0.16,183.63792
90.1,6.1,0.03,183.63792
100.1,3.6,0.09,183.63792
100.1,2.1,0.11,183.63792
100.1,3.6,0.1,183.642736
90.1,4.6,0.02,183.64292
90.1,5.6,0.03,183.64292
100.1,3.1,0.09,183.64292
100.1,2.6,0.1,183.64292
100.1,3.1,0.1,183.64292
90.1,1.1,0.06,183.6432267
100.1,1.6,0.13,183.644736
80.1,0.1,0.14,183.64568
90.1,1.6,0.02,183.64792
90.1,5.1,0.03,183.65292
100.1,2.1,0.12,183.65292
90.1,0.6,0.07,183.6532267
100.1,1.6,0.14,183.65792
90.1,4.6,0.03,183.65792
90.1,1.1,0.01,183.6598933
90.1,1.6,0.03,183.6598933
90.1,1.1,0.07,183.6598933
100.1,3.6,0.11,183.660736
100.1,2.6,0.11,183.66292
100.1,3.1,0.11,183.66292
90.1,5.6,0.04,183.66292
90.1,0.6,0.16,183.66384
90.1,5.1,0.04,183.66792
90.1,6.1,0.04,183.66792
100.1,2.6,0.12,183.66792
100.1,2.1,0.13,183.668736
90.1,0.6,0.08,183.6698933
100.1,1.6,0.17,183.67292
90.1,4.1,0.01,183.6732267
80.1,0.1,0.15,183.67568
90.1,1.1,0.02,183.67656
90.1,1.6,0.04,183.67656
90.1,1.1,0.08,183.67656
90.1,4.6,0.04,183.67792
100.1,3.1,0.12,183.67792
100.1,2.1,0.16,183.67792
90.1,5.6,0.05,183.67792
90.1,2.6,0.01,183.6798933
90.1,3.6,0.01,183.68292
90.1,5.1,0.05,183.68292
90.1,6.1,0.05,183.68292
100.1,2.1,0.14,183.68292
100.1,1.6,0.15,183.68292
90.1,4.1,0.04,183.6832267
90.1,2.1,0.01,183.68656
90.1,0.6,0.09,183.68656
100.1,2.6,0.13,183.68792
90.1,4.1,0.02,183.6898933
90.1,4.6,0.05,183.69292
90.1,3.1,0.01,183.6932267
90.1,1.1,0.03,183.6932267
90.1,1.6,0.05,183.6932267
90.1,1.1,0.09,183.6932267
90.1,0.6,0.17,183.69384
100.1,1.6,0.16,183.694736
90.1,2.1,0.02,183.69656
90.1,2.6,0.02,183.69656
90.1,3.6,0.02,183.69656
100.1,3.1,0.13,183.696736
90.1,5.6,0.06,183.69792
100.1,2.6,0.14,183.698736
90.1,4.1,0.05,183.70292
100.1,2.1,0.15,183.70292
90.1,3.1,0.02,183.7032267
90.1,5.1,0.06,183.7032267
90.1,0.6,0.1,183.7032267
80.1,0.1,0.16,183.70568
90.1,4.1,0.03,183.70656
90.1,1.6,0.06,183.7098933
90.1,4.6,0.06,183.71292
90.1,1.1,0.1,183.71292
90.1,2.1,0.03,183.7132267
90.1,2.6,0.03,183.7132267
90.1,3.6,0.03,183.7132267
80.1,0.1,0.17,183.71568
90.1,0.6,0.18,183.71656
90.1,4.1,0.06,183.71792
90.1,3.1,0.03,183.7198933
90.1,1.6,0.07,183.7198933
90.1,5.1,0.07,183.72292
90.1,2.1,0.04,183.72384
90.1,0.6,0.11,183.72656
90.1,4.6,0.07,183.72792
90.1,5.6,0.07,183.72792
90.1,2.6,0.04,183.7298933
90.1,3.6,0.04,183.7298933
90.1,1.6,0.01,183.7332267
90.1,1.1,0.11,183.7332267
90.1,3.1,0.04,183.73656
90.1,1.6,0.08,183.73656
90.1,4.1,0.07,183.73792
90.1,2.1,0.05,183.7398933
90.1,2.6,0.05,183.7398933
90.1,5.1,0.08,183.7432267
90.1,0.6,0.12,183.7432267
80.1,0.1,0.18,183.74568
90.1,3.6,0.05,183.74656
90.1,0.6,0.19,183.74656
90.1,1.1,0.12,183.7498933
90.1,4.6,0.08,183.75292
90.1,3.1,0.05,183.7532267
90.1,1.6,0.09,183.7532267
90.1,2.1,0.06,183.75656
90.1,4.1,0.08,183.75792
90.1,2.6,0.06,183.7632267
90.1,0.6,0.13,183.76656
90.1,3.6,0.06,183.7698933
90.1,1.6,0.1,183.7698933
90.1,0.6,0.2,183.7698933
90.1,4.6,0.09,183.77292
90.1,2.1,0.07,183.7732267
90.1,1.1,0.13,183.7732267
90.1,2.6,0.07,183.77384
80.1,0.1,0.19,183.77384
90.1,3.1,0.06,183.77656
90.1,4.1,0.09,183.77792
90.1,5.1,0.09,183.77792
80.1,0.1,0.2,183.78568
90.1,3.6,0.07,183.78656
90.1,0.6,0.14,183.7898933
90.1,1.1,0.2,183.7898933
90.1,3.1,0.07,183.7932267
90.1,1.6,0.11,183.7932267
90.1,2.1,0.08,183.79656
90.1,2.6,0.08,183.79656
90.1,1.1,0.14,183.79656
90.1,5.1,0.1,183.79792
90.1,0.6,0.21,183.7998933
90.1,4.1,0.1,183.80292
90.1,1.6,0.21,183.80656
90.1,4.6,0.1,183.80792
90.1,3.6,0.08,183.8098933
90.1,1.6,0.12,183.8098933
90.1,2.1,0.09,183.8132267
90.1,0.6,0.15,183.8132267
90.1,1.1,0.15,183.8132267
80.1,0.1,0.21,183.81384
90.1,2.1,0.2,183.81656
90.1,3.1,0.08,183.8232267
90.1,2.1,0.1,183.8232267
90.1,3.6,0.09,183.82656
90.1,4.6,0.11,183.82656
90.1,1.6,0.13,183.82656
90.1,1.1,0.21,183.8332267
90.1,1.1,0.16,183.83656
90.1,3.1,0.09,183.8398933
90.1,4.1,0.11,183.8398933
90.1,2.6,0.09,183.84384
90.1,2.1,0.11,183.84656
80.1,6.1,0.05,183.85384
90.1,4.1,0.12,183.85792
90.1,2.6,0.1,183.8632267
90.1,2.1,0.12,183.8632267
90.1,1.6,0.2,183.8632267
90.1,1.1,0.17,183.86656
90.1,1.6,0.14,183.8698933
90.1,2.1,0.19,183.8732267
90.1,2.6,0.18,183.87384
90.1,3.1,0.1,183.87656
90.1,3.6,0.1,183.87656
90.1,2.6,0.11,183.8798933
90.1,4.1,0.13,183.8798933
90.1,2.1,0.13,183.88656
90.1,1.1,0.18,183.8898933
90.1,1.6,0.15,183.8932267
90.1,3.1,0.11,183.89384
90.1,3.6,0.11,183.89384
90.1,2.6,0.12,183.90384
90.1,2.1,0.14,183.90384
90.1,1.6,0.16,183.91384
90.1,2.6,0.13,183.91384
90.1,3.1,0.12,183.91656
90.1,3.6,0.12,183.91656
90.1,1.1,0.19,183.9198933
90.1,2.1,0.15,183.92656
90.1,3.1,0.13,183.93384
90.1,3.6,0.13,183.93384
90.1,1.6,0.17,183.9398933
90.1,2.1,0.16,183.9432267
90.1,2.6,0.14,183.94384
80.1,5.6,0.08,183.95384
90.1,3.1,0.14,183.95384
90.1,3.6,0.14,183.95656
90.1,2.6,0.15,183.96384
90.1,2.1,0.17,183.96384
90.1,1.6,0.18,183.96384
90.1,3.1,0.15,183.97384
90.1,3.6,0.15,183.97384
90.1,2.1,0.18,183.992656
90.1,1.6,0.19,183.993472
90.1,2.6,0.16,183.995104
90.1,3.1,0.16,184.01184
90.1,2.6,0.17,184.03184
90.1,3.1,0.17,184.05184
80.1,6.6,0.01,184.11568
70.1,0.1,0.02,184.12568
80.1,6.6,0.02,184.12568
80.1,0.6,0.01,184.13568
80.1,6.1,0.01,184.15568
70.1,0.1,0.03,184.15568
60.1,0.1,0.01,184.16384
80.1,0.6,0.02,184.16568
60.1,0.1,0.02,184.18568
70.1,0.1,0.04,184.18568
80.1,0.6,0.18,184.18568
80.1,0.6,0.03,184.19568
60.1,0.1,0.03,184.21384
70.1,0.1,0.05,184.21568
80.1,6.1,0.02,184.22568
80.1,0.6,0.04,184.22568
60.1,0.1,0.04,184.23384
80.1,6.1,0.03,184.23568
80.1,0.6,0.19,184.23568
70.1,0.1,0.06,184.24568
60.1,0.1,0.05,184.25384
80.1,0.6,0.05,184.25568
80.1,6.1,0.04,184.26384
80.1,5.6,0.02,184.26568
60.1,0.1,0.06,184.26568
70.1,0.1,0.07,184.27568
80.1,5.6,0.03,184.28384
80.1,0.6,0.06,184.28568
70.1,0.1,0.08,184.28568
60.1,0.1,0.07,184.29384
60.1,0.1,0.08,184.30384
80.1,0.6,0.2,184.30568
80.1,0.6,0.07,184.31384
70.1,0.1,0.09,184.31568
60.1,0.1,0.09,184.32384
80.1,5.6,0.04,184.32568
80.1,0.6,0.08,184.33384
60.1,0.1,0.1,184.33384
80.1,0.6,0.21,184.33568
80.1,5.6,0.05,184.34384
70.1,0.1,0.1,184.34568
80.1,5.6,0.01,184.36384
80.1,0.6,0.09,184.36384
60.1,0.1,0.11,184.36384
80.1,5.6,0.06,184.36568
60.1,0.1,0.12,184.37384
70.1,0.1,0.11,184.37568
80.1,5.6,0.07,184.38384
80.1,0.6,0.1,184.39384
70.1,0.1,0.12,184.39384
50.1,0.1,0.01,184.39568
60.1,0.1,0.13,184.39568
80.1,1.1,0.01,184.40384
60.1,0.1,0.14,184.41384
80.1,0.6,0.11,184.41568
80.1,1.1,0.02,184.41656
70.1,0.1,0.13,184.42384
50.1,0.1,0.02,184.42384
80.1,1.1,0.03,184.43384
80.1,5.1,0.01,184.4398933
50.1,0.1,0.03,184.44384
60.1,0.1,0.15,184.44384
80.1,0.6,0.12,184.44384
70.1,0.1,0.14,184.44384
80.1,5.1,0.02,184.4498933
80.1,1.1,0.04,184.45384
60.1,0.1,0.16,184.45384
80.1,5.1,0.05,184.4598933
50.1,0.1,0.04,184.46384
80.1,4.6,0.01,184.46656
80.1,5.1,0.03,184.46656
80.1,0.6,0.13,184.47384
70.1,0.1,0.15,184.47384
60.1,0.1,0.17,184.47568
80.1,1.6,0.01,184.4798933
80.1,4.6,0.02,184.48292
80.1,5.1,0.04,184.4832267
50.1,0.1,0.05,184.48384
80.1,1.1,0.05,184.48384
80.1,4.1,0.01,184.48656
80.1,4.6,0.03,184.4932267
80.1,5.1,0.07,184.4932267
80.1,1.6,0.02,184.49384
80.1,0.6,0.14,184.49384
70.1,0.1,0.16,184.49384
60.1,0.1,0.18,184.49384
80.1,1.1,0.06,184.49656
80.1,4.1,0.02,184.5032267
50.1,0.1,0.06,184.50384
80.1,3.6,0.01,184.50656
80.1,4.6,0.04,184.5098933
80.1,2.1,0.01,184.5132267
80.1,1.6,0.03,184.5132267
80.1,1.1,0.07,184.51384
70.1,0.1,0.17,184.51384
60.1,0.1,0.19,184.51568
80.1,5.1,0.06,184.51656
80.1,4.1,0.03,184.5198933
80.1,3.6,0.02,184.5232267
50.1,0.1,0.07,184.52384
80.1,0.6,0.15,184.52384
80.1,1.6,0.04,184.52384
70.1,0.6,0.01,184.52656
80.1,4.6,0.05,184.52656
80.1,3.1,0.01,184.52792
80.1,2.1,0.02,184.5298933
80.1,1.1,0.08,184.5298933
80.1,2.6,0.01,184.53292
70.1,0.1,0.18,184.53384
60.1,0.1,0.2,184.53384
80.1,4.1,0.04,184.53656
80.1,3.6,0.03,184.53792
80.1,1.6,0.05,184.5398933
80.1,5.1,0.09,184.5398933
70.1,0.6,0.02,184.5432267
80.1,3.1,0.02,184.5432267
80.1,4.6,0.06,184.5432267
50.1,0.1,0.08,184.54384
80.1,0.6,0.16,184.54384
50.1,0.1,0.1,184.54568
80.1,2.1,0.03,184.54656
80.1,1.1,0.09,184.54656
80.1,2.6,0.02,184.54792
80.1,1.6,0.06,184.5498933
80.1,3.6,0.04,184.55292
80.1,4.1,0.05,184.55292
80.1,3.1,0.03,184.5532267
60.1,0.1,0.21,184.55384
80.1,2.1,0.04,184.55792
70.1,0.6,0.03,184.5598933
80.1,4.6,0.07,184.5598933
80.1,2.6,0.03,184.56292
80.1,5.1,0.08,184.56292
80.1,1.1,0.1,184.5632267
80.1,5.1,0.1,184.5632267
50.1,0.1,0.09,184.56384
70.1,0.1,0.19,184.56384
80.1,3.6,0.05,184.56792
80.1,4.1,0.06,184.56792
80.1,3.1,0.04,184.5698933
70.1,6.1,0.01,184.57292
70.1,6.1,0.03,184.57292
80.1,2.1,0.05,184.5732267
70.1,0.6,0.04,184.57384
50.1,0.1,0.11,184.57384
80.1,0.6,0.17,184.57384
80.1,2.6,0.04,184.57656
70.1,6.1,0.02,184.57792
80.1,4.6,0.08,184.57792
80.1,1.6,0.07,184.5798933
80.1,3.1,0.05,184.58292
80.1,3.6,0.06,184.5832267
70.1,0.1,0.2,184.58384
50.1,0.1,0.12,184.58568
80.1,4.1,0.07,184.58656
80.1,1.1,0.11,184.58656
80.1,2.1,0.06,184.5898933
70.1,0.6,0.05,184.5932267
80.1,2.6,0.05,184.5932267
80.1,1.6,0.08,184.59656
80.1,3.1,0.06,184.59792
70.1,5.6,0.01,184.5998933
80.1,3.6,0.07,184.60292
80.1,4.1,0.08,184.60292
80.1,1.1,0.12,184.6032267
70.1,0.1,0.21,184.60384
70.1,0.6,0.06,184.60384
80.1,4.6,0.09,184.60656
80.1,2.6,0.06,184.6098933
80.1,3.1,0.07,184.6132267
80.1,1.6,0.09,184.6132267
80.1,1.1,0.13,184.6132267
50.1,0.1,0.13,184.61384
70.1,5.6,0.02,184.61656
80.1,3.6,0.08,184.61792
80.1,2.1,0.07,184.61792
80.1,4.1,0.09,184.61792
80.1,4.6,0.1,184.62292
80.1,1.6,0.1,184.6232267
70.1,0.6,0.07,184.62384
80.1,2.6,0.07,184.62656
70.1,5.6,0.03,184.62792
80.1,2.1,0.08,184.6298933
80.1,3.1,0.08,184.6298933
80.1,1.1,0.14,184.6298933
70.1,5.1,0.01,184.6332267
80.1,3.6,0.09,184.6332267
50.1,0.1,0.14,184.63384
70.1,0.6,0.08,184.63656
80.1,4.1,0.1,184.63656
80.1,4.6,0.11,184.6398933
80.1,1.6,0.11,184.64292
70.1,5.1,0.02,184.6432267
70.1,5.6,0.04,184.6432267
80.1,2.6,0.08,184.6432267
80.1,3.1,0.09,184.64792
80.1,2.1,0.09,184.65292
80.1,3.6,0.1,184.65292
70.1,0.6,0.09,184.6532267
80.1,1.1,0.15,184.6532267
50.1,0.1,0.15,184.65568
80.1,1.6,0.12,184.65792
80.1,4.6,0.12,184.65792
70.1,5.6,0.05,184.65792
70.1,5.1,0.03,184.6598933
80.1,2.6,0.09,184.6598933
80.1,4.1,0.11,184.66292
80.1,3.1,0.1,184.66292
70.1,4.6,0.01,184.66656
80.1,2.1,0.1,184.66792
70.1,5.6,0.06,184.6698933
70.1,0.6,0.1,184.6698933
70.1,1.1,0.01,184.6732267
80.1,1.6,0.13,184.6732267
70.1,4.6,0.02,184.67656
70.1,5.1,0.04,184.67656
80.1,4.1,0.12,184.67792
80.1,3.6,0.11,184.67792
80.1,4.6,0.13,184.67792
80.1,2.6,0.1,184.68292
80.1,2.1,0.11,184.68292
80.1,1.1,0.16,184.6832267
50.1,0.1,0.16,184.68384
70.1,5.1,0.05,184.68656
70.1,0.6,0.11,184.68656
80.1,3.1,0.11,184.68792
70.1,1.1,0.02,184.6898933
80.1,3.6,0.12,184.69292
80.1,1.6,0.14,184.69292
70.1,4.6,0.03,184.6932267
80.1,4.1,0.13,184.69792
70.1,4.1,0.01,184.6998933
80.1,2.6,0.11,184.6998933
80.1,1.1,0.17,184.6998933
80.1,2.1,0.12,184.70292
70.1,5.1,0.06,184.7032267
70.1,0.6,0.12,184.7032267
50.1,0.1,0.17,184.70384
70.1,4.6,0.04,184.70792
80.1,3.1,0.12,184.70792
70.1,4.1,0.02,184.7098933
80.1,3.6,0.13,184.71292
80.1,1.6,0.15,184.71292
70.1,1.1,0.03,184.7132267
40.1,0.1,0.09,184.71568
80.1,2.6,0.12,184.71656
80.1,4.1,0.14,184.71656
80.1,1.1,0.18,184.71792
80.1,2.1,0.13,184.71792
70.1,4.6,0.05,184.7198933
70.1,5.1,0.07,184.7198933
70.1,0.6,0.13,184.7198933
80.1,3.1,0.13,184.72292
70.1,1.1,0.04,184.72384
50.1,0.1,0.18,184.72568
70.1,4.1,0.03,184.72656
70.1,5.1,0.08,184.7298933
80.1,3.6,0.14,184.7298933
80.1,3.1,0.2,184.7298933
70.1,3.6,0.01,184.7332267
80.1,2.6,0.13,184.7332267
80.1,4.1,0.15,184.7332267
70.1,4.6,0.06,184.73656
70.1,0.6,0.14,184.73656
80.1,2.1,0.14,184.73656
80.1,1.1,0.19,184.7398933
80.1,3.1,0.14,184.74292
70.1,3.6,0.02,184.7432267
70.1,4.1,0.04,184.7432267
80.1,1.6,0.16,184.7432267
70.1,1.6,0.01,184.74384
70.1,1.1,0.05,184.74384
70.1,5.1,0.09,184.74656
80.1,3.6,0.15,184.74792
80.1,2.6,0.14,184.75292
70.1,4.6,0.07,184.75292
70.1,4.1,0.05,184.7532267
70.1,0.6,0.15,184.7532267
80.1,2.1,0.15,184.7532267
80.1,2.6,0.21,184.7532267
50.1,0.1,0.19,184.75568
70.1,1.6,0.02,184.75656
70.1,1.1,0.06,184.75656
70.1,3.6,0.03,184.7598933
80.1,3.1,0.15,184.7598933
70.1,5.1,0.1,184.76292
80.1,1.1,0.2,184.76292
70.1,4.6,0.08,184.7632267
70.1,3.1,0.01,184.76656
80.1,1.6,0.17,184.76656
80.1,3.6,0.16,184.76792
70.1,4.1,0.06,184.7698933
70.1,0.6,0.16,184.7698933
80.1,2.1,0.16,184.7698933
80.1,2.6,0.15,184.77292
70.1,1.1,0.07,184.7732267
70.1,1.6,0.03,184.77384
70.1,3.1,0.02,184.77656
70.1,3.6,0.04,184.77656
80.1,3.1,0.16,184.77792
70.1,4.6,0.09,184.7798933
80.1,1.1,0.21,184.78292
80.1,1.6,0.18,184.7832267
70.1,2.1,0.01,184.78384
50.1,0.1,0.2,184.78568
70.1,4.1,0.07,184.78656
70.1,0.6,0.17,184.78656
80.1,2.1,0.17,184.78792
80.1,3.6,0.17,184.78792
70.1,1.6,0.04,184.7898933
70.1,1.1,0.08,184.7898933
80.1,2.6,0.16,184.7898933
70.1,2.6,0.01,184.7932267
70.1,3.1,0.03,184.7932267
70.1,3.6,0.05,184.7932267
70.1,4.6,0.1,184.79656
80.1,3.1,0.17,184.79792
70.1,2.1,0.02,184.8032267
70.1,4.1,0.08,184.8032267
70.1,0.6,0.18,184.8032267
70.1,2.6,0.02,184.80384
70.1,3.6,0.06,184.80384
40.1,0.1,0.1,184.80568
70.1,1.6,0.05,184.80656
70.1,4.6,0.11,184.80656
80.1,1.6,0.19,184.80656
80.1,2.6,0.17,184.80792
70.1,3.1,0.04,184.8098933
80.1,2.1,0.18,184.8098933
70.1,4.1,0.09,184.8132267
70.1,2.1,0.03,184.81384
50.1,0.1,0.21,184.81568
80.1,3.1,0.18,184.81792
70.1,2.6,0.03,184.8198933
70.1,3.6,0.07,184.8198933
70.1,1.1,0.09,184.8198933
70.1,1.6,0.06,184.8232267
70.1,4.6,0.12,184.8232267
80.1,1.6,0.2,184.8232267
60.1,6.1,0.03,184.82656
70.1,3.1,0.05,184.82656
70.1,0.6,0.19,184.82656
80.1,2.1,0.19,184.82792
80.1,2.6,0.18,184.82792
70.1,4.1,0.1,184.8298933
70.1,2.6,0.04,184.83384
70.1,1.1,0.1,184.83384
70.1,2.1,0.04,184.83656
70.1,3.6,0.08,184.83656
80.1,3.1,0.19,184.83792
70.1,1.6,0.07,184.8398933
70.1,4.6,0.13,184.8398933
80.1,2.6,0.19,184.8398933
70.1,3.1,0.06,184.8432267
70.1,0.6,0.2,184.8432267
70.1,1.1,0.11,184.84656
70.1,4.1,0.11,184.84656
80.1,1.6,0.21,184.84792
70.1,3.6,0.09,184.8532267
70.1,1.6,0.08,184.85384
70.1,2.1,0.05,184.85384
70.1,2.6,0.05,184.85384
70.1,3.1,0.07,184.85384
40.1,0.1,0.11,184.85568
80.1,2.1,0.2,184.85656
70.1,0.6,0.21,184.8598933
70.1,4.1,0.12,184.8632267
60.1,6.1,0.01,184.86384
70.1,1.1,0.12,184.86384
70.1,2.6,0.06,184.8698933
70.1,3.6,0.1,184.8698933
80.1,2.6,0.2,184.87292
70.1,4.1,0.13,184.8732267
70.1,2.1,0.06,184.87384
70.1,3.1,0.08,184.87384
70.1,1.1,0.13,184.8798933
60.1,6.1,0.02,184.8832267
70.1,2.1,0.07,184.88384
70.1,2.6,0.07,184.88384
70.1,1.6,0.09,184.88384
70.1,3.6,0.11,184.88384
70.1,3.1,0.09,184.88656
70.1,4.1,0.14,184.8898933
80.1,2.1,0.21,184.89292
70.1,1.1,0.14,184.89384
70.1,1.6,0.1,184.89656
70.1,2.6,0.08,184.9032267
70.1,3.6,0.12,184.9032267
70.1,4.1,0.15,184.90384
70.1,2.1,0.08,184.90384
70.1,3.1,0.1,184.90384
70.1,1.1,0.15,184.9132267
70.1,1.1,0.16,184.91384
60.1,5.6,0.01,184.91384
70.1,2.6,0.09,184.91384
70.1,1.6,0.11,184.91384
70.1,3.6,0.13,184.91384
70.1,4.1,0.16,184.9232267
70.1,2.1,0.09,184.92384
70.1,3.1,0.11,184.92384
70.1,3.6,0.14,184.9298933
70.1,1.1,0.17,184.9332267
60.1,5.6,0.02,184.93384
70.1,2.6,0.1,184.93384
70.1,1.6,0.12,184.93384
70.1,3.1,0.12,184.93656
70.1,2.1,0.1,184.94384
70.1,1.1,0.18,184.94384
70.1,3.6,0.15,184.94656
60.1,5.6,0.03,184.95384
70.1,2.6,0.11,184.95384
70.1,1.6,0.13,184.95384
70.1,3.1,0.13,184.95384
70.1,1.1,0.19,184.9598933
70.1,3.6,0.16,184.9632267
70.1,2.1,0.11,184.96384
60.1,5.6,0.04,184.97384
70.1,2.6,0.12,184.97384
70.1,1.6,0.14,184.97384
70.1,3.1,0.14,184.97384
70.1,1.1,0.2,184.97384
70.1,3.6,0.17,184.97384
70.1,2.1,0.12,184.983656
70.1,2.6,0.13,184.98656
70.1,3.1,0.15,184.98656
60.1,5.6,0.05,184.993472
70.1,1.6,0.15,184.993472
70.1,1.1,0.21,184.993472
70.1,2.1,0.13,185.00184
70.1,3.6,0.18,185.00184
60.1,5.6,0.06,185.00368
70.1,2.6,0.14,185.01184
70.1,3.1,0.16,185.01184
70.1,2.1,0.14,185.02184
70.1,3.6,0.19,185.02184
70.1,1.6,0.16,185.02368
60.1,5.1,0.02,185.02568
70.1,3.1,0.17,185.03184
60.1,5.6,0.07,185.04184
70.1,2.1,0.15,185.04184
70.1,2.6,0.15,185.04184
60.1,5.1,0.03,185.04384
70.1,2.6,0.16,185.05184
70.1,1.6,0.17,185.05184
70.1,3.1,0.18,185.05184
70.1,2.1,0.16,185.06184
60.1,5.1,0.04,185.06568
70.1,2.6,0.17,185.07184
70.1,1.6,0.18,185.07184
70.1,3.1,0.19,185.07184
70.1,2.1,0.17,185.08184
70.1,1.6,0.19,185.09184
70.1,3.1,0.2,185.09184
60.1,5.1,0.05,185.09568
70.1,2.1,0.18,185.10184
70.1,2.6,0.18,185.10184
60.1,5.1,0.06,185.10568
70.1,1.6,0.2,185.11184
70.1,3.1,0.21,185.11184
70.1,2.1,0.19,185.12184
70.1,2.6,0.19,185.12184
70.1,1.6,0.21,185.13184
60.1,5.1,0.07,185.13568
70.1,2.1,0.2,185.14184
70.1,2.6,0.2,185.14184
70.1,2.1,0.21,185.15184
60.1,5.1,0.08,185.15384
60.1,5.1,0.01,185.15568
70.1,2.6,0.21,185.16184
60.1,5.1,0.09,185.17568
60.1,5.1,0.1,185.19384
60.1,5.1,0.11,185.22384
60.1,5.1,0.12,185.24384
60.1,4.6,0.01,185.25384
60.1,4.6,0.02,185.27384
60.1,4.6,0.03,185.29568
60.1,4.6,0.05,185.32384
60.1,4.6,0.04,185.32384
60.1,4.6,0.06,185.33384
60.1,4.6,0.07,185.35384
60.1,4.6,0.08,185.36384
60.1,4.6,0.09,185.38384
30.1,0.1,0.01,185.39568
60.1,4.6,0.1,185.40384
60.1,4.1,0.07,185.42384
60.1,4.6,0.11,185.42384
60.1,4.6,0.12,185.43384
30.1,0.1,0.03,185.43568
60.1,4.6,0.13,185.44384
30.1,0.1,0.02,185.44568
60.1,4.1,0.01,185.4532267
60.1,4.1,0.09,185.4598933
60.1,4.1,0.02,185.4632267
60.1,4.6,0.14,185.46384
30.1,0.1,0.04,185.46568
60.1,0.6,0.01,185.4732267
60.1,4.6,0.15,185.47384
60.1,4.1,0.11,185.4798933
60.1,4.1,0.03,185.48292
60.1,0.6,0.02,185.4898933
60.1,4.6,0.16,185.49384
30.1,0.1,0.05,185.49568
60.1,4.1,0.04,185.50292
60.1,0.6,0.03,185.50384
60.1,4.6,0.17,185.50656
60.1,3.6,0.02,185.50792
60.1,4.1,0.13,185.5132267
60.1,0.6,0.04,185.51384
60.1,4.1,0.05,185.5198933
60.1,3.6,0.03,185.52292
60.1,4.1,0.06,185.5232267
30.1,0.1,0.06,185.52568
60.1,0.6,0.05,185.5332267
60.1,4.1,0.15,185.53384
60.1,3.6,0.04,185.53792
60.1,0.6,0.06,185.5432267
60.1,4.1,0.08,185.5432267
60.1,3.6,0.05,185.54656
60.1,0.6,0.07,185.55384
30.1,0.1,0.07,185.55568
60.1,3.6,0.06,185.56292
60.1,0.6,0.08,185.56384
60.1,4.1,0.17,185.56656
60.1,4.1,0.1,185.57656
60.1,3.6,0.07,185.5798933
60.1,0.6,0.09,185.58384
30.1,0.1,0.08,185.58568
60.1,3.6,0.08,185.59292
60.1,4.1,0.12,185.59292
60.1,4.1,0.19,185.5932267
60.1,3.6,0.01,185.60292
60.1,4.1,0.2,185.6032267
60.1,0.6,0.1,185.60384
60.1,3.6,0.09,185.60656
60.1,4.1,0.14,185.61792
60.1,4.1,0.21,185.6198933
60.1,3.6,0.1,185.62292
60.1,0.6,0.11,185.62384
60.1,3.6,0.11,185.63292
60.1,0.6,0.12,185.63384
60.1,3.6,0.12,185.63656
60.1,1.1,0.01,185.63792
60.1,3.1,0.01,185.64292
60.1,4.1,0.16,185.64292
60.1,0.6,0.13,185.64656
60.1,1.1,0.02,185.65292
60.1,3.6,0.13,185.65292
60.1,3.1,0.02,185.65792
60.1,0.6,0.14,185.6632267
60.1,3.6,0.14,185.6632267
40.1,0.1,0.12,185.66568
60.1,1.1,0.03,185.66656
60.1,4.1,0.18,185.66792
60.1,3.1,0.03,185.67292
60.1,0.6,0.15,185.67384
40.1,0.1,0.13,185.67568
60.1,1.1,0.04,185.67792
60.1,2.6,0.01,185.67792
60.1,1.6,0.01,185.68292
60.1,3.1,0.04,185.68292
60.1,3.6,0.15,185.68292
60.1,3.6,0.16,185.6832267
60.1,0.6,0.16,185.6898933
60.1,2.6,0.02,185.69292
60.1,2.1,0.01,185.69292
60.1,1.1,0.05,185.6932267
60.1,3.1,0.05,185.69792
60.1,3.6,0.17,185.69792
60.1,1.6,0.02,185.70292
60.1,1.1,0.06,185.7032267
60.1,2.6,0.03,185.70656
60.1,0.6,0.17,185.70656
60.1,2.1,0.02,185.70792
60.1,3.1,0.06,185.70792
60.1,3.6,0.18,185.70792
60.1,0.6,0.18,185.71656
60.1,2.6,0.04,185.71792
60.1,1.6,0.03,185.71792
60.1,1.1,0.07,185.71792
60.1,3.1,0.07,185.71792
60.1,2.1,0.03,185.72292
60.1,3.6,0.19,185.72292
60.1,1.6,0.04,185.72792
60.1,1.1,0.08,185.72792
60.1,3.1,0.08,185.72792
60.1,2.6,0.05,185.73292
60.1,3.6,0.2,185.73292
60.1,0.6,0.19,185.7332267
60.1,2.1,0.04,185.73656
50.1,5.1,0.01,185.7398933
60.1,1.6,0.05,185.74292
60.1,2.6,0.06,185.74292
60.1,1.1,0.09,185.74292
60.1,3.1,0.09,185.74292
60.1,0.6,0.2,185.7432267
60.1,3.6,0.21,185.74792
60.1,3.1,0.1,185.74792
60.1,1.1,0.1,185.75292
60.1,2.1,0.05,185.75292
50.1,5.1,0.02,185.75656
60.1,1.6,0.06,185.75656
60.1,2.6,0.07,185.75792
60.1,0.6,0.21,185.7598933
60.1,2.1,0.06,185.76292
60.1,1.1,0.11,185.76792
60.1,3.1,0.11,185.76792
60.1,2.6,0.08,185.76792
50.1,5.1,0.03,185.77292
60.1,1.6,0.07,185.77292
60.1,3.1,0.12,185.77292
50.1,4.6,0.01,185.7732267
60.1,2.1,0.07,185.7732267
60.1,1.1,0.12,185.77792
60.1,2.6,0.09,185.77792
60.1,2.1,0.08,185.78292
50.1,5.1,0.04,185.7832267
60.1,1.6,0.08,185.7832267
40.1,0.1,0.14,185.78568
50.1,4.6,0.02,185.79292
60.1,2.6,0.1,185.79292
60.1,1.1,0.13,185.79292
60.1,3.1,0.13,185.79292
60.1,3.1,0.14,185.79792
60.1,2.1,0.09,185.79792
60.1,1.6,0.09,185.80292
60.1,2.6,0.11,185.80292
60.1,1.1,0.14,185.80292
60.1,1.6,0.1,185.8032267
50.1,5.1,0.05,185.80656
50.1,4.6,0.03,185.80792
60.1,2.1,0.1,185.80792
60.1,2.6,0.12,185.81292
60.1,3.1,0.15,185.81292
40.1,0.1,0.15,185.81568
60.1,3.1,0.16,185.81792
60.1,1.6,0.11,185.81792
60.1,1.1,0.15,185.81792
60.1,2.1,0.11,185.82292
50.1,4.6,0.04,185.8232267
50.1,5.1,0.06,185.8232267
50.1,4.1,0.01,185.82656
60.1,2.6,0.13,185.82792
60.1,1.6,0.12,185.82792
60.1,1.1,0.16,185.82792
60.1,3.1,0.17,185.83292
40.1,0.1,0.16,185.83384
60.1,2.1,0.12,185.83656
60.1,2.6,0.14,185.83656
50.1,4.6,0.05,185.8398933
60.1,1.6,0.13,185.84292
60.1,1.1,0.17,185.84292
50.1,4.1,0.02,185.8432267
60.1,2.1,0.13,185.84792
60.1,3.1,0.18,185.84792
60.1,2.6,0.15,185.85292
60.1,1.1,0.18,185.85292
60.1,3.1,0.19,185.85292
50.1,0.6,0.06,185.85384
50.1,4.6,0.06,185.85656
60.1,1.6,0.14,185.85656
60.1,2.6,0.16,185.85792
60.1,3.1,0.2,185.85792
50.1,4.1,0.03,185.8598933
60.1,2.1,0.14,185.86292
60.1,1.6,0.15,185.86292
40.1,0.1,0.17,185.86384
60.1,1.1,0.19,185.87292
60.1,3.1,0.21,185.87292
50.1,3.6,0.01,185.8732267
50.1,4.6,0.07,185.8732267
60.1,2.6,0.17,185.8732267
50.1,4.1,0.04,185.87656
60.1,1.6,0.16,185.87792
60.1,2.1,0.15,185.87792
50.1,4.6,0.08,185.88292
60.1,2.6,0.18,185.88292
60.1,1.1,0.2,185.88292
50.1,0.6,0.08,185.8832267
60.1,2.1,0.16,185.8832267
40.1,0.1,0.18,185.88384
50.1,4.1,0.05,185.88656
50.1,3.6,0.02,185.8898933
60.1,1.6,0.17,185.8932267
60.1,2.6,0.19,185.8932267
60.1,2.1,0.17,185.89792
60.1,1.1,0.21,185.89792
50.1,4.6,0.09,185.8998933
60.1,1.6,0.18,185.90292
50.1,4.1,0.06,185.9032267
40.1,0.1,0.19,185.90384
60.1,2.1,0.18,185.90792
60.1,2.6,0.2,185.90792
50.1,3.6,0.04,185.9098933
50.1,4.6,0.1,185.9098933
50.1,0.6,0.01,185.91384
60.1,1.6,0.19,185.91792
50.1,4.1,0.07,185.9198933
60.1,2.6,0.21,185.9198933
40.1,0.1,0.2,185.92384
60.1,2.1,0.19,185.92656
60.1,1.6,0.2,185.92792
50.1,4.1,0.08,185.9298933
60.1,2.1,0.2,185.9298933
50.1,3.6,0.05,185.9332267
50.1,4.6,0.11,185.9332267
50.1,0.6,0.02,185.93656
60.1,1.6,0.21,185.94292
50.1,4.6,0.12,185.9432267
50.1,3.6,0.06,185.94384
60.1,2.1,0.21,185.94792
50.1,4.1,0.09,185.9532267
50.1,0.6,0.03,185.95384
40.1,0.1,0.21,185.95384
50.1,4.1,0.1,185.9632267
50.1,3.6,0.07,185.9732267
50.1,4.6,0.13,185.9732267
50.1,0.6,0.04,185.97384
50.1,0.6,0.14,185.97384
50.1,3.6,0.08,185.983656
50.1,4.1,0.11,185.98656
50.1,0.6,0.05,185.993472
50.1,4.1,0.12,186.00184
50.1,3.6,0.03,186.01184
50.1,3.6,0.09,186.01184
50.1,0.6,0.16,186.0212267
50.1,3.6,0.1,186.0278933
50.1,4.1,0.13,186.03184
40.1,5.1,0.01,186.03384
50.1,0.6,0.07,186.04184
50.1,4.1,0.14,186.0478933
50.1,3.6,0.11,186.05184
50.1,3.1,0.01,186.0598933
50.1,0.6,0.18,186.0612267
50.1,4.1,0.15,186.06184
50.1,3.6,0.12,186.0678933
50.1,0.6,0.09,186.07184
40.1,5.1,0.02,186.07384
50.1,4.1,0.16,186.07456
50.1,0.6,0.1,186.08184
50.1,3.1,0.02,186.08384
50.1,3.6,0.13,186.09184
40.1,5.1,0.03,186.09384
50.1,4.1,0.17,186.1012267
50.1,0.6,0.2,186.1012267
50.1,3.6,0.14,186.10184
50.1,3.1,0.03,186.10384
40.1,5.1,0.04,186.10568
50.1,0.6,0.11,186.10592
50.1,4.1,0.18,186.1078933
50.1,3.1,0.04,186.11384
50.1,0.6,0.12,186.11456
40.1,5.1,0.05,186.12384
50.1,3.1,0.12,186.12384
50.1,3.6,0.15,186.1278933
40.1,5.1,0.06,186.13384
40.1,4.6,0.01,186.13384
50.1,3.1,0.05,186.13384
50.1,3.6,0.16,186.13456
50.1,0.6,0.13,186.14384
50.1,4.1,0.19,186.15184
40.1,4.6,0.02,186.15384
50.1,3.1,0.06,186.15384
50.1,3.1,0.14,186.15384
50.1,2.6,0.01,186.15384
50.1,3.6,0.17,186.16184
50.1,4.1,0.2,186.16184
40.1,4.6,0.03,186.16384
40.1,4.6,0.04,186.17384
50.1,3.1,0.07,186.17384
50.1,0.6,0.15,186.17384
50.1,3.1,0.15,186.1798933
50.1,3.6,0.18,186.181184
50.1,1.1,0.01,186.18384
50.1,2.6,0.02,186.18384
50.1,3.1,0.08,186.18384
50.1,3.1,0.16,186.19384
40.1,4.6,0.05,186.19384
50.1,2.6,0.03,186.20384
40.1,4.6,0.06,186.20384
30.1,4.1,0.08,186.20384
50.1,3.6,0.19,186.20656
30.1,4.1,0.1,186.21384
40.1,4.6,0.07,186.21384
50.1,3.1,0.09,186.21384
30.1,4.1,0.09,186.21568
50.1,2.6,0.04,186.2232267
50.1,0.6,0.17,186.22384
50.1,1.1,0.02,186.22384
50.1,3.1,0.1,186.22384
50.1,3.6,0.2,186.22384
50.1,3.1,0.17,186.2332267
50.1,2.1,0.01,186.23384
30.1,4.1,0.11,186.23384
50.1,1.1,0.03,186.24384
50.1,2.6,0.05,186.24384
50.1,3.6,0.21,186.24384
50.1,2.1,0.02,186.24384
50.1,3.1,0.18,186.24384
50.1,2.6,0.06,186.25384
40.1,4.6,0.08,186.25384
50.1,1.6,0.01,186.25384
50.1,3.1,0.11,186.25384
50.1,1.1,0.04,186.2632267
50.1,0.6,0.19,186.26384
50.1,2.1,0.03,186.2732267
50.1,2.6,0.07,186.27384
40.1,4.6,0.09,186.27384
50.1,1.6,0.02,186.27656
50.1,3.1,0.13,186.2798933
50.1,3.1,0.19,186.2798933
40.1,4.1,0.02,186.2832267
50.1,1.1,0.05,186.28384
50.1,2.1,0.04,186.28384
50.1,1.1,0.06,186.28384
50.1,2.6,0.08,186.28384
30.1,4.1,0.04,186.28568
40.1,4.6,0.1,186.29384
50.1,3.1,0.2,186.29384
40.1,4.1,0.03,186.29384
50.1,1.6,0.03,186.30384
30.1,4.1,0.05,186.30384
50.1,2.1,0.05,186.30384
50.1,2.6,0.09,186.30384
50.1,0.6,0.21,186.30384
40.1,4.1,0.04,186.30384
50.1,1.6,0.04,186.30384
30.1,4.1,0.06,186.30568
50.1,1.1,0.07,186.30656
50.1,2.6,0.1,186.31384
40.1,4.6,0.11,186.31384
50.1,3.1,0.21,186.31384
50.1,2.1,0.06,186.31656
50.1,1.1,0.08,186.31656
40.1,4.1,0.01,186.32384
40.1,4.1,0.05,186.32384
30.1,4.1,0.07,186.32384
50.1,1.6,0.05,186.32656
50.1,2.6,0.11,186.3332267
40.1,4.1,0.06,186.33384
40.1,4.6,0.12,186.33384
50.1,2.1,0.07,186.3398933
50.1,1.1,0.09,186.3398933
50.1,1.6,0.06,186.3432267
50.1,2.6,0.12,186.34384
50.1,2.1,0.08,186.3498933
40.1,4.1,0.07,186.3532267
50.1,1.1,0.1,186.35384
40.1,4.6,0.13,186.35384
50.1,1.6,0.07,186.3598933
50.1,2.6,0.13,186.3598933
40.1,4.1,0.08,186.3632267
50.1,1.6,0.08,186.36384
50.1,2.1,0.09,186.3732267
40.1,4.6,0.14,186.37384
50.1,2.6,0.14,186.37384
40.1,4.1,0.09,186.37384
50.1,1.1,0.11,186.37384
50.1,2.6,0.21,186.3798933
50.1,2.1,0.1,186.3832267
40.1,4.1,0.1,186.38384
50.1,1.1,0.12,186.38384
50.1,1.6,0.09,186.38656
40.1,3.6,0.01,186.39384
30.1,0.1,0.09,186.39568
50.1,2.6,0.15,186.3998933
50.1,1.6,0.1,186.4032267
40.1,4.1,0.11,186.40384
50.1,2.1,0.11,186.40384
50.1,1.1,0.13,186.40384
40.1,4.1,0.12,186.41384
50.1,1.1,0.14,186.41384
50.1,2.6,0.16,186.41384
40.1,3.6,0.02,186.41656
50.1,2.1,0.12,186.41656
50.1,1.6,0.11,186.42384
40.1,4.1,0.13,186.42656
50.1,1.6,0.12,186.43384
40.1,3.6,0.03,186.43384
50.1,1.1,0.15,186.43384
50.1,2.1,0.13,186.4398933
50.1,2.6,0.17,186.4398933
50.1,2.1,0.14,186.4432267
30.1,0.1,0.1,186.44568
40.1,3.6,0.04,186.4498933
50.1,1.1,0.16,186.4498933
50.1,1.6,0.13,186.45384
40.1,4.1,0.14,186.45656
50.1,2.6,0.18,186.45656
50.1,2.1,0.15,186.4598933
50.1,1.6,0.14,186.4632267
50.1,1.1,0.17,186.46656
50.1,2.1,0.16,186.47384
50.1,2.6,0.19,186.47384
30.1,0.1,0.11,186.47568
40.1,3.6,0.05,186.4798933
40.1,4.1,0.15,186.4798933
50.1,1.1,0.18,186.4832267
40.1,4.1,0.16,186.48384
50.1,1.6,0.15,186.48656
50.1,2.6,0.2,186.4898933
40.1,3.1,0.01,186.4932267
40.1,3.6,0.06,186.49384
50.1,2.1,0.17,186.49384
50.1,1.6,0.16,186.49656
40.1,4.1,0.17,186.50384
50.1,1.1,0.19,186.50384
30.1,0.1,0.12,186.50568
40.1,3.6,0.07,186.50656
40.1,3.1,0.02,186.5098933
50.1,2.1,0.18,186.5098933
50.1,1.1,0.2,186.51656
50.1,1.6,0.17,186.5198933
40.1,3.6,0.08,186.5232267
40.1,3.1,0.03,186.52656
40.1,4.1,0.18,186.5298933
50.1,2.1,0.19,186.5332267
40.1,3.6,0.09,186.53384
30.1,0.1,0.13,186.53568
50.1,1.6,0.18,186.53656
50.1,1.1,0.21,186.5398933
40.1,3.1,0.04,186.5432267
40.1,3.6,0.14,186.5432267
50.1,2.1,0.2,186.5432267
40.1,3.6,0.1,186.54384
40.1,4.1,0.19,186.5532267
30.1,4.1,0.01,186.55384
40.1,3.1,0.05,186.5598933
40.1,3.6,0.15,186.5598933
50.1,1.6,0.19,186.5598933
50.1,2.1,0.21,186.5598933
40.1,3.6,0.11,186.56384
30.1,4.1,0.02,186.56384
40.1,4.1,0.2,186.56384
30.1,0.1,0.14,186.56568
40.1,3.6,0.16,186.5698933
40.1,3.1,0.06,186.57384
40.1,3.6,0.12,186.57656
50.1,1.6,0.2,186.57656
30.1,4.1,0.03,186.5798933
40.1,3.1,0.07,186.58656
40.1,3.6,0.17,186.58656
40.1,3.6,0.13,186.5932267
40.1,4.1,0.21,186.5932267
40.1,2.6,0.01,186.59384
30.1,3.6,0.21,186.59384
40.1,3.1,0.08,186.6032267
50.1,1.6,0.21,186.60656
40.1,2.6,0.02,186.6098933
30.1,0.1,0.15,186.61568
40.1,3.6,0.18,186.61656
40.1,3.1,0.09,186.6198933
30.1,0.1,0.16,186.62568
40.1,2.6,0.03,186.62656
40.1,3.6,0.19,186.6332267
40.1,3.1,0.1,186.63384
40.1,2.6,0.04,186.6432267
40.1,3.6,0.2,186.6498933
30.1,0.1,0.17,186.65568
40.1,2.6,0.05,186.6598933
40.1,3.1,0.11,186.66384
40.1,3.6,0.21,186.6732267
40.1,2.6,0.06,186.67384
40.1,3.1,0.12,186.67656
30.1,0.1,0.18,186.68568
40.1,0.6,0.01,186.6932267
40.1,2.6,0.07,186.6932267
40.1,3.1,0.13,186.6998933
40.1,2.6,0.08,186.70384
40.1,0.6,0.02,186.7098933
40.1,3.1,0.14,186.71384
40.1,2.1,0.01,186.71384
40.1,2.6,0.09,186.7198933
40.1,0.6,0.14,186.7232267
40.1,0.6,0.03,186.72384
40.1,3.1,0.15,186.72656
40.1,2.1,0.02,186.7298933
40.1,2.6,0.1,186.73656
40.1,3.1,0.16,186.7432267
40.1,2.1,0.03,186.74384
40.1,0.6,0.04,186.74384
40.1,2.6,0.11,186.7532267
30.1,0.1,0.19,186.75568
40.1,0.6,0.16,186.75656
40.1,3.1,0.17,186.7598933
40.1,0.6,0.05,186.76384
40.1,2.1,0.04,186.76384
30.1,0.1,0.2,186.76568
40.1,2.6,0.12,186.7698933
40.1,0.6,0.06,186.77384
40.1,3.1,0.18,186.77384
40.1,2.1,0.05,186.77384
40.1,0.6,0.17,186.77384
40.1,2.6,0.13,186.78656
40.1,3.1,0.19,186.78656
40.1,2.1,0.06,186.79384
40.1,0.6,0.18,186.79384
40.1,0.6,0.07,186.79384
30.1,0.1,0.21,186.79568
40.1,2.6,0.14,186.8032267
40.1,3.1,0.2,186.8032267
30.1,3.6,0.14,186.80384
40.1,2.1,0.07,186.80656
40.1,0.6,0.08,186.81384
30.1,3.6,0.15,186.81384
40.1,0.6,0.19,186.81384
40.1,2.6,0.15,186.8198933
40.1,3.1,0.21,186.8198933
40.1,2.1,0.08,186.82384
30.1,3.6,0.16,186.82384
40.1,0.6,0.09,186.8332267
40.1,2.6,0.16,186.83384
40.1,0.6,0.2,186.83384
30.1,3.6,0.17,186.83384
40.1,2.1,0.09,186.8398933
40.1,0.6,0.1,186.84384
30.1,3.6,0.18,186.84384
40.1,2.6,0.17,186.8532267
40.1,0.6,0.21,186.8532267
40.1,2.1,0.1,186.85384
30.1,3.6,0.19,186.85384
40.1,0.6,0.11,186.86384
30.1,3.6,0.2,186.86384
40.1,2.1,0.11,186.87384
40.1,2.6,0.18,186.8832267
40.1,0.6,0.12,186.88384
40.1,2.1,0.12,186.88384
40.1,2.6,0.19,186.8998933
40.1,0.6,0.13,186.90384
40.1,2.1,0.13,186.90384
40.1,2.6,0.2,186.91384
40.1,2.1,0.14,186.92384
40.1,2.6,0.21,186.9332267
40.1,0.6,0.15,186.94384
40.1,2.1,0.15,186.94384
40.1,2.1,0.16,186.96384
40.1,2.1,0.17,186.97384
40.1,2.1,0.18,187.00184
40.1,2.1,0.19,187.02368
40.1,2.1,0.2,187.05184
40.1,2.1,0.21,187.07184
40.1,1.1,0.01,187.07568
40.1,1.6,0.01,187.09568
40.1,1.1,0.02,187.10568
40.1,1.6,0.02,187.10568
40.1,1.1,0.03,187.13568
40.1,1.6,0.03,187.13568
40.1,1.1,0.04,187.14568
40.1,1.6,0.04,187.14568
40.1,1.1,0.05,187.15568
40.1,1.6,0.05,187.17568
40.1,1.6,0.19,187.18184
40.1,1.1,0.06,187.18568
40.1,1.6,0.06,187.18568
40.1,1.6,0.2,187.20568
40.1,1.1,0.07,187.21568
40.1,1.6,0.07,187.21568
40.1,1.1,0.08,187.22568
40.1,1.6,0.21,187.23568
40.1,1.6,0.08,187.24568
40.1,1.1,0.09,187.25568
40.1,1.6,0.09,187.25568
20.1,2.1,0.02,187.26568
40.1,1.1,0.1,187.26568
20.1,2.1,0.01,187.27568
40.1,1.6,0.1,187.28568
30.1,3.6,0.07,187.29384
20.1,2.1,0.03,187.29568
40.1,1.1,0.11,187.29568
40.1,1.6,0.11,187.30384
30.1,3.6,0.08,187.30384
40.1,1.6,0.12,187.31384
30.1,3.6,0.09,187.31568
20.1,2.1,0.04,187.32568
30.1,3.6,0.1,187.32568
40.1,1.1,0.12,187.32568
30.1,3.6,0.11,187.33568
40.1,1.6,0.13,187.33568
30.1,3.6,0.12,187.34568
20.1,2.1,0.05,187.35568
30.1,3.6,0.13,187.35568
40.1,1.1,0.13,187.35568
40.1,1.6,0.14,187.36384
40.1,1.6,0.15,187.37568
40.1,1.1,0.14,187.38568
40.1,1.6,0.16,187.40384
30.1,3.6,0.01,187.41384
40.1,1.1,0.15,187.41384
40.1,1.6,0.17,187.42384
20.1,2.1,0.06,187.42568
40.1,1.1,0.16,187.42568
30.1,3.6,0.02,187.43384
30.1,3.6,0.03,187.44384
40.1,1.6,0.18,187.44568
40.1,1.1,0.17,187.45384
20.1,2.1,0.07,187.45568
20.1,0.1,0.13,187.45568
30.1,3.6,0.04,187.45656
40.1,1.1,0.18,187.46384
30.1,3.6,0.05,187.47384
40.1,1.1,0.19,187.48384
30.1,3.6,0.06,187.48384
20.1,0.1,0.14,187.48568
40.1,1.1,0.2,187.50384
40.1,1.1,0.21,187.52384
20.1,0.1,0.15,187.57568
30.1,3.1,0.01,187.5798933
30.1,3.1,0.02,187.59384
20.1,0.1,0.16,187.60568
30.1,3.1,0.03,187.6132267
30.1,3.1,0.04,187.62384
30.1,3.1,0.05,187.6398933
30.1,3.1,0.06,187.65384
20.1,0.1,0.17,187.65568
30.1,3.1,0.07,187.66656
30.1,3.1,0.08,187.6832267
20.1,0.1,0.18,187.68568
30.1,3.1,0.09,187.6932267
30.1,3.1,0.15,187.70384
30.1,3.1,0.1,187.70384
30.1,3.1,0.16,187.71384
30.1,3.1,0.11,187.7198933
30.1,3.1,0.17,187.72656
30.1,2.6,0.04,187.7298933
30.1,3.1,0.12,187.7298933
30.1,3.1,0.18,187.73384
30.1,2.6,0.01,187.73384
20.1,0.1,0.19,187.73568
30.1,2.6,0.05,187.74384
30.1,3.1,0.13,187.74384
30.1,3.1,0.19,187.74656
30.1,2.6,0.02,187.75384
30.1,2.6,0.06,187.75384
30.1,3.1,0.14,187.75384
30.1,3.1,0.2,187.75656
30.1,2.6,0.03,187.76384
20.1,0.1,0.2,187.76568
30.1,3.1,0.21,187.7732267
30.1,2.6,0.07,187.77384
30.1,2.6,0.08,187.78384
30.1,2.6,0.09,187.80384
30.1,2.6,0.1,187.81384
20.1,0.1,0.21,187.81568
30.1,2.6,0.11,187.83384
30.1,2.6,0.12,187.8432267
30.1,2.6,0.13,187.85384
30.1,2.6,0.14,187.86384
30.1,2.6,0.15,187.88384
30.1,2.6,0.16,187.89384
30.1,2.6,0.17,187.9132267
30.1,2.6,0.18,187.92384
30.1,2.6,0.19,187.9398933
30.1,2.6,0.2,187.95384
30.1,2.6,0.21,187.96656
30.1,2.1,0.01,187.993472
30.1,2.1,0.05,187.993472
30.1,2.1,0.02,188.00368
30.1,2.1,0.06,188.02368
30.1,2.1,0.03,188.03384
30.1,2.1,0.07,188.04368
30.1,2.1,0.04,188.04568
30.1,2.1,0.08,188.05184
30.1,2.1,0.09,188.06368
30.1,2.1,0.1,188.08368
30.1,2.1,0.11,188.10184
30.1,2.1,0.12,188.11184
30.1,2.1,0.13,188.13568
30.1,2.1,0.14,188.14568
30.1,2.1,0.15,188.16384
30.1,2.1,0.16,188.18568
30.1,2.1,0.17,188.20384
30.1,2.1,0.18,188.22384
30.1,2.1,0.19,188.23568
30.1,2.1,0.2,188.24568
20.1,2.1,0.08,188.26568
30.1,2.1,0.21,188.27384
30.1,1.6,0.01,188.33384
20.1,2.1,0.09,188.33568
30.1,1.6,0.02,188.34568
30.1,1.6,0.03,188.37384
30.1,1.6,0.04,188.38384
30.1,1.6,0.05,188.39568
30.1,1.6,0.06,188.40568
30.1,1.6,0.07,188.42384
30.1,1.6,0.08,188.43384
30.1,1.6,0.1,188.45384
30.1,1.6,0.09,188.45384
20.1,2.1,0.1,188.46568
30.1,1.6,0.11,188.47384
30.1,1.6,0.12,188.48568
30.1,0.6,0.01,188.50384
30.1,1.6,0.13,188.50384
30.1,1.6,0.14,188.51384
30.1,0.6,0.02,188.52384
30.1,1.6,0.15,188.53384
20.1,2.1,0.11,188.53568
30.1,0.6,0.03,188.54384
30.1,1.6,0.16,188.54568
30.1,0.6,0.04,188.55384
30.1,0.6,0.05,188.57384
30.1,1.6,0.17,188.57384
30.1,0.6,0.06,188.58384
30.1,0.6,0.07,188.60384
30.1,0.6,0.08,188.60384
30.1,0.6,0.09,188.62384
20.1,2.1,0.12,188.62568
30.1,0.6,0.1,188.63384
30.1,0.6,0.11,188.65384
30.1,0.6,0.12,188.66384
30.1,0.6,0.13,188.68384
30.1,0.6,0.14,188.68384
30.1,1.1,0.01,188.68656
30.1,0.6,0.15,188.70384
30.1,1.1,0.02,188.70384
30.1,0.6,0.16,188.71384
30.1,1.1,0.03,188.72384
30.1,1.6,0.18,188.72384
30.1,0.6,0.17,188.7332267
30.1,1.1,0.04,188.73384
20.1,2.1,0.13,188.73568
20.1,2.1,0.21,188.73568
30.1,1.6,0.19,188.74384
30.1,0.6,0.18,188.74384
30.1,1.1,0.05,188.74656
30.1,1.6,0.2,188.75384
30.1,1.1,0.06,188.75656
30.1,0.6,0.19,188.76384
30.1,1.6,0.21,188.76656
30.1,1.1,0.07,188.77384
30.1,0.6,0.2,188.77656
30.1,1.1,0.08,188.7832267
30.1,1.1,0.09,188.79384
30.1,0.6,0.21,188.79384
30.1,1.1,0.1,188.80384
20.1,2.1,0.14,188.80568
30.1,1.1,0.11,188.82384
30.1,1.1,0.12,188.8298933
30.1,1.1,0.13,188.84656
30.1,1.1,0.16,188.8498933
30.1,1.1,0.14,188.85384
30.1,1.1,0.17,188.86384
30.1,1.1,0.15,188.86656
30.1,1.1,0.18,188.87384
20.1,2.1,0.15,188.87568
30.1,1.1,0.19,188.88656
30.1,1.1,0.2,188.89384
30.1,1.1,0.21,188.9132267
20.1,2.1,0.16,188.92568
20.1,2.1,0.17,189.00368
20.1,2.1,0.18,189.06368
20.1,2.1,0.19,189.08368
20.1,2.1,0.2,189.14368
20.1,2.6,0.01,189.23568
20.1,2.6,0.02,189.30568
20.1,2.6,0.03,189.37568
20.1,2.6,0.04,189.44568
60.1,6.1,0.04,189.5341
20.1,1.6,0.03,189.53568
20.1,2.6,0.05,189.53568
20.1,1.6,0.01,189.54384
20.1,1.6,0.02,189.55384
20.1,1.6,0.04,189.55384
60.1,6.6,0.01,189.5594462
60.1,5.6,0.08,189.5672571
20.1,1.6,0.05,189.57568
60.1,6.1,0.05,189.5826182
60.1,5.1,0.13,189.5962
20.1,1.6,0.06,189.60384
20.1,1.6,0.07,189.61568
60.1,6.1,0.06,189.6202154
60.1,5.6,0.09,189.6226182
20.1,2.6,0.06,189.64568
20.1,1.6,0.08,189.64568
60.1,5.6,0.1,189.6632923
60.1,5.1,0.14,189.6716
20.1,1.6,0.09,189.67384
20.1,1.6,0.1,189.70384
20.1,1.6,0.11,189.71568
20.1,1.6,0.12,189.74568
20.1,2.6,0.07,189.75568
20.1,1.6,0.13,189.77568
20.1,1.6,0.14,189.80568
20.1,1.6,0.15,189.83568
20.1,1.6,0.16,189.86568
20.1,2.6,0.08,189.88568
20.1,1.6,0.17,189.89568
20.1,1.6,0.18,189.92568
20.1,1.6,0.19,189.95568
20.1,1.6,0.2,190.00368
20.1,2.6,0.09,190.02368
20.1,1.6,0.21,190.04368
20.1,2.6,0.1,190.12568
20.1,2.6,0.11,190.23568
20.1,2.6,0.12,190.30568
20.1,1.1,0.01,190.35568
20.1,1.1,0.02,190.37384
20.1,1.1,0.03,190.38384
20.1,1.1,0.04,190.40384
20.1,1.1,0.05,190.41568
20.1,2.6,0.13,190.41568
20.1,1.1,0.06,190.43384
20.1,1.1,0.07,190.45384
20.1,1.1,0.08,190.46384
20.1,2.6,0.14,190.46568
20.1,1.1,0.09,190.47568
20.1,1.1,0.1,190.48568
20.1,1.1,0.11,190.49568
50.1,5.6,0.01,190.4960571
50.1,5.1,0.07,190.5138667
20.1,1.1,0.12,190.52568
50.1,5.6,0.02,190.5284533
20.1,1.1,0.13,190.53568
20.1,2.6,0.15,190.55568
50.1,5.1,0.08,190.5562545
50.1,5.6,0.03,190.5593
50.1,4.6,0.14,190.5648
20.1,1.1,0.14,190.56568
50.1,5.6,0.04,190.5876941
20.1,1.1,0.15,190.59384
20.1,1.1,0.16,190.60568
20.1,2.6,0.16,190.60568
20.1,1.1,0.18,190.60568
50.1,6.1,0.01,190.60984
50.1,5.1,0.09,190.6157867
50.1,5.6,0.05,190.6318222
20.1,1.1,0.17,190.63384
20.1,1.1,0.19,190.63568
50.1,6.1,0.02,190.63884
50.1,5.1,0.1,190.64555
20.1,1.1,0.2,190.64568
50.1,4.6,0.15,190.6532923
50.1,6.1,0.03,190.65784
50.1,5.6,0.06,190.6584889
20.1,1.1,0.21,190.67568
50.1,5.1,0.11,190.6788706
50.1,5.6,0.07,190.6865684
50.1,4.6,0.16,190.69112
20.1,2.6,0.17,190.69568
50.1,6.1,0.04,190.69784
50.1,4.1,0.21,190.6989818
50.1,5.1,0.12,190.7084889
50.1,5.6,0.08,190.7134105
50.1,4.6,0.17,190.7329882
50.1,5.1,0.13,190.7429333
50.1,5.6,0.09,190.7434105
20.1,2.6,0.18,190.74568
50.1,4.6,0.18,190.7676941
50.1,5.6,0.1,190.7692
50.1,5.1,0.14,190.7729333
50.1,4.6,0.19,190.8073778
20.1,2.6,0.19,190.83384
20.1,2.6,0.2,190.86568
20.1,2.6,0.21,190.93568
20.1,0.6,0.01,190.95384
20.1,0.6,0.02,190.96568
20.1,0.6,0.03,190.993472
20.1,0.6,0.04,191.00368
20.1,0.6,0.05,191.02368
20.1,0.6,0.06,191.04368
20.1,0.6,0.07,191.06184
20.1,0.6,0.08,191.06368
20.1,0.6,0.09,191.09384
20.1,0.6,0.1,191.10384
20.1,0.6,0.11,191.11568
20.1,0.6,0.12,191.12568
20.1,3.1,0.01,191.14384
20.1,0.6,0.14,191.14568
20.1,0.6,0.13,191.15568
20.1,0.6,0.15,191.17568
20.1,0.6,0.16,191.18568
20.1,3.1,0.02,191.19384
20.1,0.6,0.17,191.21568
20.1,0.6,0.18,191.22568
20.1,0.6,0.19,191.25384
20.1,0.6,0.2,191.26568
20.1,0.6,0.21,191.28384