KP,KI,DELAY,SETTLINGTIME
15.1,0.1,0.01,52.7208
20.1,0.1,0.01,48.5208
20.1,5.1,0.01,90.6208
25.1,0.1,0.01,74.586
25.1,5.1,0.01,72.824
30.1,0.1,0.01,42.7808
30.1,5.1,0.01,59.5408
35.1,0.1,0.01,40.7608
35.1,5.1,0.01,49.456
40.1,0.1,0.01,39.02024
40.1,5.1,0.01,46.68186667
45.1,0.1,0.01,37.77493333
45.1,5.1,0.01,43.88266667
45.1,10.1,0.01,57.58933333
50.1,0.1,0.01,36.78826667
50.1,5.1,0.01,41.81
50.1,10.1,0.01,54.92
55.1,0.1,0.01,35.8142
55.1,5.1,0.01,45.5008
55.1,10.1,0.01,52.788
60.1,0.1,0.01,38.3816
60.1,5.1,0.01,45.5408
60.1,10.1,0.01,50.8336
65.1,0.1,0.01,38.33666667
65.1,5.1,0.01,44.8408
65.1,10.1,0.01,49.5136
70.1,0.1,0.01,37.83971429
70.1,5.1,0.01,44.3408
70.1,10.1,0.01,48.459
75.1,0.1,0.01,37.65054545
75.1,5.1,0.01,43.6608
75.1,10.1,0.01,46.568
75.1,15.1,0.01,51.2808
80.1,0.1,0.01,37.089
80.1,5.1,0.01,42.9008
80.1,10.1,0.01,46.399
80.1,15.1,0.01,47.60923077
85.1,0.1,0.01,40.5008
85.1,5.1,0.01,42.5208
85.1,10.1,0.01,45.568
85.1,15.1,0.01,46.6896
90.1,0.1,0.01,40.3808
90.1,5.1,0.01,41.7764
90.1,10.1,0.01,44.59028571
90.1,15.1,0.01,45.80637037
95.1,0.1,0.01,39.8608
95.1,5.1,0.01,41.4208
95.1,10.1,0.01,44.3776
95.1,15.1,0.01,48.4808
100.1,0.1,0.01,39.7164
100.1,5.1,0.01,40.76826667
100.1,10.1,0.01,43.62646154
100.1,15.1,0.01,47.6608
105.1,0.1,0.01,39.5964
105.1,5.1,0.01,40.4664
105.1,10.1,0.01,43.3855
105.1,15.1,0.01,47.4808
110.1,0.1,0.01,39.3808
110.1,5.1,0.01,39.7942
110.1,10.1,0.01,42.68070588
110.1,15.1,0.01,46.7608
115.1,0.1,0.01,38.8216
115.1,5.1,0.01,39.5816
115.1,10.1,0.01,45.2808
115.1,15.1,0.01,46.5364
120.1,0.1,0.01,38.6642
120.1,5.1,0.01,38.9664
120.1,10.1,0.01,45.5408
120.1,15.1,0.01,45.9808
125.1,0.1,0.01,38.50826667
125.1,5.1,0.01,38.72976
125.1,10.1,0.01,45.4608
125.1,15.1,0.01,45.62826667
130.1,0.1,0.01,40.55511111
130.1,5.1,0.01,44.6208
130.1,10.1,0.01,44.9208
130.1,15.1,0.01,45.3008
135.1,0.1,0.01,40.59129412
135.1,5.1,0.01,44.4408
135.1,10.1,0.01,44.6664
135.1,15.1,0.01,47.326
140.1,0.1,0.01,40.53872727
140.1,5.1,0.01,43.8808
140.1,10.1,0.01,44.4864
145.1,0.1,0.01,40.4374
145.1,5.1,0.01,43.7408
145.1,10.1,0.01,43.9608
150.1,0.1,0.01,40.119
150.1,5.1,0.01,43.6016
150.1,10.1,0.01,43.70826667
155.1,0.1,0.01,42.1808
155.1,5.1,0.01,43.4408
155.1,10.1,0.01,43.5416
160.1,0.1,0.01,42.3808
160.1,5.1,0.01,42.9208
160.1,10.1,0.01,43.2408
165.1,0.1,0.01,42.4008
165.1,5.1,0.01,42.71493333
165.1,10.1,0.01,45.29028571
170.1,0.1,0.01,42.0408
170.1,5.1,0.01,42.57493333
170.1,10.1,0.01,44.8056
175.1,0.1,0.01,41.7964
175.1,5.1,0.01,44.14
175.1,10.1,0.01,47.5808
180.1,0.1,0.01,44.249
180.1,5.1,0.01,44.28457143
180.1,10.1,0.01,47.5764
185.1,0.1,0.01,41.5816
185.1,5.1,0.01,44.29818182
185.1,10.1,0.01,47.4964
190.1,0.1,0.01,43.91
190.1,5.1,0.01,46.7408
190.1,10.1,0.01,47.2964
195.1,0.1,0.01,43.74244444
195.1,5.1,0.01,46.6464
195.1,10.1,0.01,46.8664
200.1,0.1,0.01,43.64085714
200.1,5.1,0.01,46.5464
200.1,10.1,0.01,46.67493333
205.1,0.1,0.01,43.544
205.1,5.1,0.01,46.4264
205.1,10.1,0.01,48.6728
210.1,0.1,0.01,45.6264
210.1,5.1,0.01,46.2008
210.1,10.1,0.01,51.2608
215.1,0.1,0.01,45.5864
215.1,5.1,0.01,48.21
215.1,10.1,0.01,51.1808
220.1,0.1,0.01,47.8376
220.1,5.1,0.01,50.2208
220.1,10.1,0.01,50.8808
225.1,0.1,0.01,47.751
225.1,5.1,0.01,50.4764
225.1,10.1,0.01,50.6864
230.1,0.1,0.01,47.65756522
230.1,5.1,0.01,50.3808
235.1,0.1,0.01,47.56426667
235.1,5.1,0.01,50.2008
240.1,0.1,0.01,49.4608
245.1,0.1,0.01,51.788
15.1,0.1,0.02,52.7908
20.1,0.1,0.02,48.5708
20.1,5.1,0.02,90.7108
25.1,0.1,0.02,74.57
25.1,5.1,0.02,73.486
30.1,0.1,0.02,42.7908
30.1,5.1,0.02,59.5908
35.1,0.1,0.02,40.7708
35.1,5.1,0.02,49.44666667
40.1,0.1,0.02,39.03024
40.1,5.1,0.02,46.7052
45.1,0.1,0.02,37.78493333
45.1,5.1,0.02,43.941
45.1,10.1,0.02,57.65971429
50.1,0.1,0.02,36.79826667
50.1,5.1,0.02,41.88261538
50.1,10.1,0.02,55.376
55.1,0.1,0.02,35.8292
55.1,5.1,0.02,45.8708
55.1,10.1,0.02,52.9076
60.1,0.1,0.02,38.52288889
60.1,5.1,0.02,45.6308
60.1,10.1,0.02,51.50666667
65.1,0.1,0.02,38.46272727
65.1,5.1,0.02,44.9308
65.1,10.1,0.02,49.62
70.1,0.1,0.02,37.91909091
70.1,5.1,0.02,44.4708
70.1,10.1,0.02,48.608
75.1,0.1,0.02,37.70321739
75.1,5.1,0.02,43.7164
75.1,10.1,0.02,47.546
80.1,0.1,0.02,37.42454545
80.1,5.1,0.02,42.9708
80.1,10.1,0.02,46.58511111
80.1,15.1,0.02,50.3708
85.1,0.1,0.02,40.5908
85.1,5.1,0.02,42.5864
85.1,10.1,0.02,45.63844444
85.1,15.1,0.02,46.75193548
90.1,0.1,0.02,40.5508
90.1,5.1,0.02,41.82493333
90.1,10.1,0.02,44.7105
90.1,15.1,0.02,49.4108
95.1,0.1,0.02,39.9508
95.1,5.1,0.02,41.5064
95.1,10.1,0.02,44.51909091
95.1,15.1,0.02,48.5508
100.1,0.1,0.02,39.7664
100.1,5.1,0.02,40.80493333
100.1,10.1,0.02,43.701
100.1,15.1,0.02,47.8908
105.1,0.1,0.02,39.6364
105.1,5.1,0.02,40.5264
105.1,10.1,0.02,43.49828571
105.1,15.1,0.02,47.5864
110.1,0.1,0.02,39.4764
110.1,5.1,0.02,39.83826667
110.1,10.1,0.02,42.76
110.1,15.1,0.02,46.8108
115.1,0.1,0.02,38.8764
115.1,5.1,0.02,39.6292
115.1,10.1,0.02,45.3908
115.1,15.1,0.02,46.6108
120.1,0.1,0.02,38.70493333
120.1,5.1,0.02,39.0508
120.1,10.1,0.02,45.6908
120.1,15.1,0.02,46.1308
125.1,0.1,0.02,38.5516
125.1,5.1,0.02,38.76376
125.1,10.1,0.02,45.5108
125.1,15.1,0.02,45.6916
130.1,0.1,0.02,40.61844444
130.1,5.1,0.02,44.6108
130.1,10.1,0.02,44.9708
130.1,15.1,0.02,45.4564
135.1,0.1,0.02,40.646
135.1,5.1,0.02,44.4908
135.1,10.1,0.02,44.7164
140.1,0.1,0.02,40.6115
140.1,5.1,0.02,44.3108
140.1,10.1,0.02,44.55826667
145.1,0.1,0.02,40.51112
145.1,5.1,0.02,43.8064
145.1,10.1,0.02,44.2708
150.1,0.1,0.02,40.3068
150.1,5.1,0.02,43.6464
150.1,10.1,0.02,43.7516
155.1,0.1,0.02,42.2308
155.1,5.1,0.02,43.4964
155.1,10.1,0.02,43.5892
160.1,0.1,0.02,42.4308
160.1,5.1,0.02,43.0908
160.1,10.1,0.02,43.3264
165.1,0.1,0.02,42.4108
165.1,5.1,0.02,42.7516
165.1,10.1,0.02,45.3768
170.1,0.1,0.02,42.1708
170.1,5.1,0.02,42.6042
170.1,10.1,0.02,44.7036
175.1,0.1,0.02,41.8364
175.1,5.1,0.02,44.259
175.1,10.1,0.02,47.6508
180.1,0.1,0.02,44.32666667
180.1,5.1,0.02,44.42876923
180.1,10.1,0.02,47.5908
185.1,0.1,0.02,44.38766667
185.1,5.1,0.02,44.37257143
185.1,10.1,0.02,47.5108
190.1,0.1,0.02,44.016
190.1,5.1,0.02,46.8108
190.1,10.1,0.02,47.3708
195.1,0.1,0.02,43.77776471
195.1,5.1,0.02,46.6908
195.1,10.1,0.02,46.9308
200.1,0.1,0.02,43.67014286
200.1,5.1,0.02,46.5864
200.1,10.1,0.02,46.7142
205.1,0.1,0.02,45.4308
205.1,5.1,0.02,46.5116
205.1,10.1,0.02,48.70066667
210.1,0.1,0.02,45.7308
210.1,5.1,0.02,48.166
210.1,10.1,0.02,51.3508
215.1,0.1,0.02,45.6316
215.1,5.1,0.02,48.33622222
215.1,10.1,0.02,51.2908
220.1,0.1,0.02,47.964
220.1,5.1,0.02,50.3308
220.1,10.1,0.02,50.98992
225.1,0.1,0.02,47.806
225.1,5.1,0.02,50.5064
225.1,10.1,0.02,50.7364
230.1,0.1,0.02,47.69713043
230.1,5.1,0.02,50.4464
235.1,0.1,0.02,47.59981818
235.1,5.1,0.02,50.2508
240.1,0.1,0.02,49.5764
245.1,0.1,0.02,51.9596
15.1,0.1,0.03,52.8408
20.1,0.1,0.03,48.6008
20.1,5.1,0.03,90.7808
25.1,0.1,0.03,74.54
25.1,5.1,0.03,73.6096
30.1,0.1,0.03,42.7808
30.1,5.1,0.03,59.6808
35.1,0.1,0.03,40.7608
35.1,5.1,0.03,49.42333333
40.1,0.1,0.03,39.03044
40.1,5.1,0.03,46.72375
45.1,0.1,0.03,37.78826667
45.1,5.1,0.03,43.9948
45.1,10.1,0.03,57.7175
50.1,0.1,0.03,36.8016
50.1,5.1,0.03,41.95766667
50.1,10.1,0.03,55.533
55.1,0.1,0.03,35.8392
55.1,5.1,0.03,46.1008
55.1,10.1,0.03,53.469
60.1,0.1,0.03,38.61818182
60.1,5.1,0.03,45.7208
60.1,10.1,0.03,51.61955556
65.1,0.1,0.03,38.54492308
65.1,5.1,0.03,45.0244
65.1,10.1,0.03,49.85
70.1,0.1,0.03,38.028
70.1,5.1,0.03,44.5408
70.1,10.1,0.03,48.71733333
75.1,0.1,0.03,37.74733333
75.1,5.1,0.03,43.7664
75.1,10.1,0.03,47.664
80.1,0.1,0.03,37.50125
80.1,5.1,0.03,43.0608
80.1,10.1,0.03,46.6668
80.1,15.1,0.03,51.5008
85.1,0.1,0.03,40.6608
85.1,5.1,0.03,42.6264
85.1,10.1,0.03,45.72177778
85.1,15.1,0.03,50.5008
90.1,0.1,0.03,40.6164
90.1,5.1,0.03,41.8664
90.1,10.1,0.03,44.879
95.1,0.1,0.03,40.4208
95.1,5.1,0.03,41.5664
95.1,10.1,0.03,44.61653333
100.1,0.1,0.03,39.8364
100.1,5.1,0.03,40.8416
100.1,10.1,0.03,43.79272727
105.1,0.1,0.03,39.6964
105.1,5.1,0.03,40.57493333
105.1,10.1,0.03,43.58355556
110.1,0.1,0.03,39.5416
110.1,5.1,0.03,39.87493333
110.1,10.1,0.03,42.85766667
110.1,15.1,0.03,47.3408
115.1,0.1,0.03,38.9264
115.1,5.1,0.03,39.6692
115.1,10.1,0.03,45.5208
115.1,15.1,0.03,46.6864
120.1,0.1,0.03,38.7442
120.1,5.1,0.03,39.2208
120.1,10.1,0.03,45.7208
120.1,15.1,0.03,46.3208
125.1,0.1,0.03,38.5942
125.1,5.1,0.03,38.7968
125.1,10.1,0.03,45.6008
125.1,15.1,0.03,45.7564
130.1,0.1,0.03,40.7005
130.1,5.1,0.03,44.6208
130.1,10.1,0.03,45.3808
130.1,15.1,0.03,45.5364
135.1,0.1,0.03,40.70586667
135.1,5.1,0.03,44.5608
135.1,10.1,0.03,44.7864
140.1,0.1,0.03,40.6415
140.1,5.1,0.03,44.4208
140.1,10.1,0.03,44.5964
145.1,0.1,0.03,40.54769231
145.1,5.1,0.03,43.9208
145.1,10.1,0.03,44.3608
150.1,0.1,0.03,40.40541176
150.1,5.1,0.03,43.6964
150.1,10.1,0.03,43.80826667
155.1,0.1,0.03,42.3208
155.1,5.1,0.03,43.5564
155.1,10.1,0.03,43.63493333
160.1,0.1,0.03,42.5208
160.1,5.1,0.03,43.2408
160.1,10.1,0.03,45.3536
165.1,0.1,0.03,42.4364
165.1,5.1,0.03,42.79493333
165.1,10.1,0.03,45.464
170.1,0.1,0.03,42.3208
170.1,5.1,0.03,42.6442
175.1,0.1,0.03,41.9064
175.1,5.1,0.03,44.38666667
180.1,0.1,0.03,44.41511111
180.1,5.1,0.03,44.49717647
185.1,0.1,0.03,44.41569231
185.1,5.1,0.03,44.44610526
190.1,0.1,0.03,44.2256
190.1,5.1,0.03,47.2008
195.1,0.1,0.03,43.83786667
195.1,5.1,0.03,46.7564
200.1,0.1,0.03,43.71089655
200.1,5.1,0.03,46.6364
200.1,10.1,0.03,49.14133333
205.1,0.1,0.03,45.7808
205.1,5.1,0.03,46.5416
205.1,10.1,0.03,48.7055
210.1,0.1,0.03,45.7608
210.1,5.1,0.03,48.37885714
210.1,10.1,0.03,51.4564
215.1,0.1,0.03,48.2736
215.1,5.1,0.03,48.45125
215.1,10.1,0.03,51.3964
220.1,0.1,0.03,48.1816
220.1,5.1,0.03,50.5008
220.1,10.1,0.03,51.1608
225.1,0.1,0.03,47.9048
225.1,5.1,0.03,50.5408
230.1,0.1,0.03,47.75234783
230.1,5.1,0.03,50.5164
235.1,0.1,0.03,49.2808
240.1,0.1,0.03,52.184
15.1,0.1,0.04,52.8308
20.1,0.1,0.04,48.5908
20.1,5.1,0.04,90.8318
25.1,0.1,0.04,74.551
25.1,5.1,0.04,73.667
30.1,0.1,0.04,42.7708
30.1,5.1,0.04,59.7308
35.1,0.1,0.04,40.7508
35.1,5.1,0.04,49.35133333
40.1,0.1,0.04,39.0088
40.1,5.1,0.04,46.72625
45.1,0.1,0.04,37.78493333
45.1,5.1,0.04,44.0335
45.1,10.1,0.04,57.75
50.1,0.1,0.04,36.7964
50.1,5.1,0.04,42.018
50.1,10.1,0.04,55.5988
55.1,0.1,0.04,35.8392
55.1,5.1,0.04,46.3708
55.1,10.1,0.04,53.5655
60.1,0.1,0.04,38.68266667
60.1,5.1,0.04,45.7708
60.1,10.1,0.04,51.69
65.1,0.1,0.04,38.60375
65.1,5.1,0.04,45.0908
65.1,10.1,0.04,49.9844
70.1,0.1,0.04,38.15133333
70.1,5.1,0.04,44.5908
70.1,10.1,0.04,48.80288889
75.1,0.1,0.04,37.77992
75.1,5.1,0.04,43.7964
75.1,10.1,0.04,47.7528
80.1,0.1,0.04,40.4108
80.1,5.1,0.04,43.0908
80.1,10.1,0.04,46.74636364
80.1,15.1,0.04,51.6508
85.1,0.1,0.04,40.7308
85.1,5.1,0.04,42.6564
85.1,10.1,0.04,45.838
90.1,0.1,0.04,40.6708
90.1,5.1,0.04,41.8864
90.1,10.1,0.04,45.54433333
95.1,0.1,0.04,40.5108
95.1,5.1,0.04,41.5864
95.1,10.1,0.04,44.6925
100.1,0.1,0.04,39.8864
100.1,5.1,0.04,40.86493333
100.1,10.1,0.04,43.94
105.1,0.1,0.04,39.7316
105.1,5.1,0.04,40.5964
105.1,10.1,0.04,43.65571429
110.1,0.1,0.04,39.57826667
110.1,5.1,0.04,39.8992
110.1,10.1,0.04,43.0431
115.1,0.1,0.04,38.98992
115.1,5.1,0.04,39.68776
115.1,10.1,0.04,46.4108
120.1,0.1,0.04,38.7742
120.1,5.1,0.04,45.4908
120.1,10.1,0.04,45.7908
120.1,15.1,0.04,46.4964
125.1,0.1,0.04,38.6242
125.1,5.1,0.04,45.2908
125.1,10.1,0.04,45.6708
125.1,15.1,0.04,45.8264
130.1,0.1,0.04,40.879
130.1,5.1,0.04,44.6708
130.1,10.1,0.04,45.4864
135.1,0.1,0.04,40.784
135.1,5.1,0.04,44.6508
135.1,10.1,0.04,44.8664
140.1,0.1,0.04,40.68316667
140.1,5.1,0.04,44.5108
140.1,10.1,0.04,44.64493333
145.1,0.1,0.04,40.58848276
145.1,5.1,0.04,44.0088
145.1,10.1,0.04,44.4264
150.1,0.1,0.04,40.4715
150.1,5.1,0.04,43.7564
150.1,10.1,0.04,43.86493333
155.1,0.1,0.04,42.4908
155.1,5.1,0.04,43.60493333
155.1,10.1,0.04,43.6792
160.1,0.1,0.04,42.5864
160.1,5.1,0.04,43.3508
165.1,0.1,0.04,42.4864
165.1,5.1,0.04,42.8516
170.1,0.1,0.04,42.4164
170.1,5.1,0.04,42.68776
175.1,0.1,0.04,44.34466667
175.1,5.1,0.04,44.5628
180.1,0.1,0.04,44.53030769
180.1,5.1,0.04,47.3708
185.1,0.1,0.04,44.4775
185.1,5.1,0.04,47.4264
190.1,0.1,0.04,44.38786667
190.1,5.1,0.04,47.3308
195.1,0.1,0.04,43.9829
195.1,5.1,0.04,46.8908
200.1,0.1,0.04,46.2108
200.1,5.1,0.04,46.7164
205.1,0.1,0.04,46.1908
205.1,5.1,0.04,46.58493333
210.1,0.1,0.04,45.8708
210.1,5.1,0.04,48.60569231
215.1,0.1,0.04,48.44454545
215.1,5.1,0.04,51.0288
220.1,0.1,0.04,48.40107692
220.1,5.1,0.04,51.0908
225.1,0.1,0.04,48.32828571
225.1,5.1,0.04,50.7764
230.1,0.1,0.04,50.1108
230.1,5.1,0.04,50.6164
235.1,0.1,0.04,52.33
15.1,0.1,0.05,52.8808
20.1,0.1,0.05,48.6008
20.1,5.1,0.05,90.9008
25.1,0.1,0.05,73.809
25.1,5.1,0.05,73.74171429
30.1,0.1,0.05,42.7608
30.1,5.1,0.05,59.8208
35.1,0.1,0.05,40.7408
35.1,5.1,0.05,49.289
40.1,0.1,0.05,38.99552
40.1,5.1,0.05,46.74125
45.1,0.1,0.05,37.7864
45.1,5.1,0.05,44.098
45.1,10.1,0.05,57.80305882
50.1,0.1,0.05,36.79493333
50.1,5.1,0.05,42.1376
50.1,10.1,0.05,55.671
55.1,0.1,0.05,35.8492
55.1,5.1,0.05,46.5208
55.1,10.1,0.05,53.66
60.1,0.1,0.05,38.766
60.1,5.1,0.05,45.8408
60.1,10.1,0.05,51.77454545
65.1,0.1,0.05,38.66776471
65.1,5.1,0.05,45.2808
65.1,10.1,0.05,50.578
70.1,0.1,0.05,38.413
70.1,5.1,0.05,44.6464
70.1,10.1,0.05,48.93666667
75.1,0.1,0.05,37.82816667
75.1,5.1,0.05,43.8408
75.1,10.1,0.05,47.87066667
80.1,0.1,0.05,40.6408
80.1,5.1,0.05,43.2208
80.1,10.1,0.05,46.8955
80.1,15.1,0.05,51.8008
85.1,0.1,0.05,40.8208
85.1,5.1,0.05,42.6964
85.1,10.1,0.05,46.414
90.1,0.1,0.05,40.7264
90.1,5.1,0.05,41.92826667
90.1,10.1,0.05,45.62186667
95.1,0.1,0.05,40.5808
95.1,5.1,0.05,41.63493333
95.1,10.1,0.05,44.78305882
100.1,0.1,0.05,39.9608
100.1,5.1,0.05,40.9064
100.1,10.1,0.05,44.50338462
105.1,0.1,0.05,39.7816
105.1,5.1,0.05,40.63493333
105.1,10.1,0.05,43.73236364
110.1,0.1,0.05,39.63493333
110.1,5.1,0.05,39.9416
110.1,10.1,0.05,46.5008
115.1,0.1,0.05,39.1408
115.1,5.1,0.05,39.7242
115.1,10.1,0.05,46.5408
120.1,0.1,0.05,38.8142
120.1,5.1,0.05,45.5008
120.1,10.1,0.05,46.2208
125.1,0.1,0.05,41.47955556
125.1,5.1,0.05,45.4608
125.1,10.1,0.05,45.7564
130.1,0.1,0.05,41.408
130.1,5.1,0.05,44.9408
130.1,10.1,0.05,45.5764
135.1,0.1,0.05,40.8788
135.1,5.1,0.05,44.7208
135.1,10.1,0.05,44.9808
140.1,0.1,0.05,40.75495652
140.1,5.1,0.05,44.5864
140.1,10.1,0.05,44.7216
145.1,0.1,0.05,40.65527273
145.1,5.1,0.05,44.1608
145.1,10.1,0.05,44.5264
150.1,0.1,0.05,40.53677419
150.1,5.1,0.05,43.8164
150.1,10.1,0.05,43.9464
155.1,0.1,0.05,42.5808
155.1,5.1,0.05,43.6616
160.1,0.1,0.05,42.6164
160.1,5.1,0.05,43.4864
165.1,0.1,0.05,42.5864
165.1,5.1,0.05,42.9264
170.1,0.1,0.05,42.4964
170.1,5.1,0.05,42.72976
175.1,0.1,0.05,44.4856
175.1,5.1,0.05,44.804
180.1,0.1,0.05,44.59971429
180.1,5.1,0.05,47.4808
185.1,0.1,0.05,44.5634
185.1,5.1,0.05,47.5064
190.1,0.1,0.05,44.504
190.1,5.1,0.05,47.3808
195.1,0.1,0.05,44.21333333
195.1,5.1,0.05,47.06024
200.1,0.1,0.05,46.3608
200.1,5.1,0.05,46.7816
205.1,0.1,0.05,46.3408
205.1,5.1,0.05,46.64826667
210.1,0.1,0.05,48.47666667
210.1,5.1,0.05,48.66971429
215.1,0.1,0.05,48.5512
215.1,5.1,0.05,51.3008
220.1,0.1,0.05,48.48505263
220.1,5.1,0.05,51.1408
225.1,0.1,0.05,48.37717647
225.1,5.1,0.05,50.8164
230.1,0.1,0.05,50.3864
235.1,0.1,0.05,52.76177778
15.1,0.1,0.06,52.8508
20.1,0.1,0.06,48.5708
20.1,5.1,0.06,90.9318
25.1,0.1,0.06,74.551
25.1,5.1,0.06,73.77842857
30.1,0.1,0.06,42.7508
30.1,5.1,0.06,59.8308
35.1,0.1,0.06,40.7264
35.1,5.1,0.06,49.19333333
40.1,0.1,0.06,38.9764
40.1,5.1,0.06,46.73375
45.1,0.1,0.06,37.7764
45.1,5.1,0.06,44.108
45.1,10.1,0.06,57.82364706
50.1,0.1,0.06,36.78493333
50.1,5.1,0.06,42.20466667
50.1,10.1,0.06,55.71114286
55.1,0.1,0.06,38.484
55.1,5.1,0.06,46.6108
55.1,10.1,0.06,53.706
60.1,0.1,0.06,38.81766667
60.1,5.1,0.06,45.8908
60.1,10.1,0.06,51.831
65.1,0.1,0.06,38.71084211
65.1,5.1,0.06,45.3508
65.1,10.1,0.06,50.63727273
70.1,0.1,0.06,38.4608
70.1,5.1,0.06,44.6708
70.1,10.1,0.06,49.406
75.1,0.1,0.06,37.854
75.1,5.1,0.06,43.8564
75.1,10.1,0.06,47.97666667
80.1,0.1,0.06,41.4308
80.1,5.1,0.06,43.2308
80.1,10.1,0.06,47.04933333
85.1,0.1,0.06,40.9108
85.1,5.1,0.06,42.7064
85.1,10.1,0.06,46.54818182
90.1,0.1,0.06,40.7764
90.1,5.1,0.06,41.93826667
90.1,10.1,0.06,45.68247059
95.1,0.1,0.06,40.6264
95.1,5.1,0.06,41.63826667
95.1,10.1,0.06,44.85586667
100.1,0.1,0.06,40.0288
100.1,5.1,0.06,40.9164
100.1,10.1,0.06,44.57577778
105.1,0.1,0.06,39.80493333
105.1,5.1,0.06,40.6492
105.1,10.1,0.06,43.7953913
110.1,0.1,0.06,39.6542
110.1,5.1,0.06,39.9542
110.1,10.1,0.06,46.7308
115.1,0.1,0.06,39.3708
115.1,5.1,0.06,39.73176
115.1,10.1,0.06,46.6508
120.1,0.1,0.06,41.52028571
120.1,5.1,0.06,45.6308
120.1,10.1,0.06,46.4508
125.1,0.1,0.06,41.58876923
125.1,5.1,0.06,45.5708
125.1,10.1,0.06,45.8308
130.1,0.1,0.06,41.51685714
130.1,5.1,0.06,45.4108
130.1,10.1,0.06,45.6364
135.1,0.1,0.06,41.098
135.1,5.1,0.06,44.8108
135.1,10.1,0.06,45.2308
140.1,0.1,0.06,40.81626087
140.1,5.1,0.06,44.6564
140.1,10.1,0.06,44.7716
145.1,0.1,0.06,40.69994286
145.1,5.1,0.06,44.4508
145.1,10.1,0.06,44.57826667
150.1,0.1,0.06,40.58222222
150.1,5.1,0.06,43.8864
155.1,0.1,0.06,42.7708
155.1,5.1,0.06,43.70493333
160.1,0.1,0.06,42.7064
160.1,5.1,0.06,43.53826667
165.1,0.1,0.06,42.6664
165.1,5.1,0.06,45.324
170.1,0.1,0.06,42.5664
170.1,5.1,0.06,45.25133333
175.1,0.1,0.06,44.69457143
175.1,5.1,0.06,48.3308
180.1,0.1,0.06,44.72
180.1,5.1,0.06,47.6908
185.1,0.1,0.06,44.65112
185.1,5.1,0.06,47.6564
190.1,0.1,0.06,44.56296552
190.1,5.1,0.06,47.5464
195.1,0.1,0.06,46.4108
195.1,5.1,0.06,47.3364
200.1,0.1,0.06,46.5364
200.1,5.1,0.06,49.11
205.1,0.1,0.06,46.4864
205.1,5.1,0.06,49.1556
210.1,0.1,0.06,48.7568
210.1,5.1,0.06,51.4508
215.1,0.1,0.06,48.6874
215.1,5.1,0.06,51.5164
220.1,0.1,0.06,48.60503448
220.1,5.1,0.06,51.3108
225.1,0.1,0.06,50.3508
225.1,5.1,0.06,53.4105
230.1,0.1,0.06,50.5264
15.1,0.1,0.07,52.8808
20.1,0.1,0.07,48.5808
20.1,5.1,0.07,99.788
25.1,0.1,0.07,73.82133333
25.1,5.1,0.07,73.84742857
30.1,0.1,0.07,42.7408
30.1,5.1,0.07,59.9008
35.1,0.1,0.07,40.7008
35.1,5.1,0.07,49.1705
40.1,0.1,0.07,38.9764
40.1,5.1,0.07,46.74658824
45.1,0.1,0.07,37.7764
45.1,5.1,0.07,44.18
45.1,10.1,0.07,57.87466667
50.1,0.1,0.07,36.7816
50.1,5.1,0.07,42.456
50.1,10.1,0.07,55.76986667
55.1,0.1,0.07,38.68
55.1,5.1,0.07,46.7008
55.1,10.1,0.07,53.78114286
60.1,0.1,0.07,38.90545455
60.1,5.1,0.07,45.9608
60.1,10.1,0.07,51.9228
65.1,0.1,0.07,38.7694
65.1,5.1,0.07,45.4808
65.1,10.1,0.07,50.728
70.1,0.1,0.07,38.5472
70.1,5.1,0.07,44.7164
70.1,10.1,0.07,49.5948
75.1,0.1,0.07,41.5008
75.1,5.1,0.07,43.9008
75.1,10.1,0.07,48.544
80.1,0.1,0.07,41.5808
80.1,5.1,0.07,43.4008
80.1,10.1,0.07,47.56909091
85.1,0.1,0.07,41.4208
85.1,5.1,0.07,42.7464
85.1,10.1,0.07,46.63786667
90.1,0.1,0.07,40.8408
90.1,5.1,0.07,41.9864
90.1,10.1,0.07,45.77768421
95.1,0.1,0.07,40.6864
95.1,5.1,0.07,41.6816
95.1,10.1,0.07,44.9868
100.1,0.1,0.07,40.3608
100.1,5.1,0.07,40.9564
100.1,10.1,0.07,44.66452174
105.1,0.1,0.07,39.8564
105.1,5.1,0.07,40.68826667
105.1,10.1,0.07,47.6208
110.1,0.1,0.07,39.7042
110.1,5.1,0.07,40.0044
110.1,10.1,0.07,47.3608
115.1,0.1,0.07,39.4964
115.1,5.1,0.07,39.76976
115.1,10.1,0.07,46.7608
120.1,0.1,0.07,41.6405
120.1,5.1,0.07,45.6008
120.1,10.1,0.07,46.5764
125.1,0.1,0.07,41.67386667
125.1,5.1,0.07,45.6808
125.1,10.1,0.07,45.9464
130.1,0.1,0.07,41.60084211
130.1,5.1,0.07,45.5808
130.1,10.1,0.07,45.70826667
135.1,0.1,0.07,41.44433333
135.1,5.1,0.07,44.9408
135.1,10.1,0.07,45.5064
140.1,0.1,0.07,40.89663158
140.1,5.1,0.07,44.7264
140.1,10.1,0.07,44.8416
145.1,0.1,0.07,40.75737143
145.1,5.1,0.07,44.5464
145.1,10.1,0.07,44.6492
150.1,0.1,0.07,43.4208
150.1,5.1,0.07,43.9864
155.1,0.1,0.07,43.2608
155.1,5.1,0.07,43.76826667
160.1,0.1,0.07,42.8264
160.1,5.1,0.07,43.60826667
165.1,0.1,0.07,42.7216
165.1,5.1,0.07,45.31466667
170.1,0.1,0.07,45.14
170.1,5.1,0.07,45.45876923
175.1,0.1,0.07,45.384
175.1,5.1,0.07,48.2808
180.1,0.1,0.07,44.81114286
180.1,5.1,0.07,47.8608
185.1,0.1,0.07,44.71232
185.1,5.1,0.07,47.7264
190.1,0.1,0.07,44.59426667
190.1,5.1,0.07,47.6064
195.1,0.1,0.07,46.5608
195.1,5.1,0.07,47.4664
200.1,0.1,0.07,46.6264
200.1,5.1,0.07,49.44622222
205.1,0.1,0.07,46.57493333
205.1,5.1,0.07,49.42184615
210.1,0.1,0.07,48.828
210.1,5.1,0.07,51.7008
215.1,0.1,0.07,48.77557895
215.1,5.1,0.07,51.6264
220.1,0.1,0.07,48.677875
225.1,0.1,0.07,50.7208
230.1,0.1,0.07,53.356
15.1,0.1,0.08,52.8508
20.1,0.1,0.08,48.5508
20.1,5.1,0.08,99.88566667
25.1,0.1,0.08,73.839
25.1,5.1,0.08,73.86128571
30.1,0.1,0.08,42.7108
30.1,5.1,0.08,59.9308
35.1,0.1,0.08,40.6708
35.1,5.1,0.08,49.12090909
40.1,0.1,0.08,38.9564
40.1,5.1,0.08,46.72952941
45.1,0.1,0.08,37.75826667
45.1,5.1,0.08,44.17333333
50.1,0.1,0.08,36.7716
50.1,5.1,0.08,42.483
50.1,10.1,0.08,55.8
55.1,0.1,0.08,38.7956
55.1,5.1,0.08,46.7708
55.1,10.1,0.08,53.81685714
60.1,0.1,0.08,38.96511111
60.1,5.1,0.08,46.0088
60.1,10.1,0.08,51.98302857
65.1,0.1,0.08,38.8064
65.1,5.1,0.08,45.5108
65.1,10.1,0.08,50.76786667
70.1,0.1,0.08,38.57305882
70.1,5.1,0.08,44.7308
70.1,10.1,0.08,49.64766667
75.1,0.1,0.08,41.6108
75.1,5.1,0.08,43.9164
75.1,10.1,0.08,48.60569231
80.1,0.1,0.08,41.6308
80.1,5.1,0.08,43.4108
80.1,10.1,0.08,47.62971429
85.1,0.1,0.08,41.5108
85.1,5.1,0.08,42.7564
85.1,10.1,0.08,46.69911111
90.1,0.1,0.08,40.8908
90.1,5.1,0.08,41.98992
90.1,10.1,0.08,45.83294737
95.1,0.1,0.08,40.71826667
95.1,5.1,0.08,41.68493333
95.1,10.1,0.08,45.31
100.1,0.1,0.08,40.4708
100.1,5.1,0.08,40.96493333
100.1,10.1,0.08,44.71044444
105.1,0.1,0.08,39.88493333
105.1,5.1,0.08,40.6942
105.1,10.1,0.08,47.7508
110.1,0.1,0.08,39.7242
110.1,5.1,0.08,42.47333333
110.1,10.1,0.08,47.5308
115.1,0.1,0.08,42.52066667
115.1,5.1,0.08,46.4108
115.1,10.1,0.08,46.8708
120.1,0.1,0.08,41.81742857
120.1,5.1,0.08,45.7908
120.1,10.1,0.08,46.6464
125.1,0.1,0.08,41.76386667
125.1,5.1,0.08,45.7708
125.1,10.1,0.08,46.1108
130.1,0.1,0.08,41.66872727
130.1,5.1,0.08,45.6164
130.1,10.1,0.08,45.76493333
135.1,0.1,0.08,41.5314
135.1,5.1,0.08,45.3908
135.1,10.1,0.08,45.5564
140.1,0.1,0.08,40.9856
140.1,5.1,0.08,44.7864
140.1,10.1,0.08,44.89826667
145.1,0.1,0.08,43.5108
145.1,5.1,0.08,44.6164
150.1,0.1,0.08,43.5508
150.1,5.1,0.08,44.1508
155.1,0.1,0.08,43.4708
155.1,5.1,0.08,43.8116
160.1,0.1,0.08,43.0288
160.1,5.1,0.08,43.6492
165.1,0.1,0.08,45.419
165.1,5.1,0.08,45.624
170.1,0.1,0.08,45.521
170.1,5.1,0.08,48.4708
175.1,0.1,0.08,45.508
180.1,0.1,0.08,45.0136
185.1,0.1,0.08,44.81230769
190.1,0.1,0.08,44.69627027
195.1,0.1,0.08,46.8908
200.1,0.1,0.08,49.49457143
205.1,0.1,0.08,49.50257143
210.1,0.1,0.08,49.41685714
215.1,0.1,0.08,48.95125
220.1,0.1,0.08,51.2308
225.1,0.1,0.08,53.594
15.1,0.1,0.09,52.8808
20.1,0.1,0.09,48.5608
20.1,5.1,0.09,99.956
25.1,0.1,0.09,73.83466667
25.1,5.1,0.09,73.936
30.1,0.1,0.09,42.7008
30.1,5.1,0.09,59.9808
35.1,0.1,0.09,40.6608
35.1,5.1,0.09,49.10618462
40.1,0.1,0.09,38.9464
40.1,5.1,0.09,46.74188235
45.1,0.1,0.09,37.7564
45.1,5.1,0.09,44.259
50.1,0.1,0.09,36.76826667
50.1,5.1,0.09,46.7408
50.1,10.1,0.09,55.85717647
55.1,0.1,0.09,39.59333333
55.1,5.1,0.09,46.8608
55.1,10.1,0.09,53.88453333
60.1,0.1,0.09,39.124
60.1,5.1,0.09,46.1208
60.1,10.1,0.09,52.168
65.1,0.1,0.09,38.86285714
65.1,5.1,0.09,45.6008
65.1,10.1,0.09,50.84853333
70.1,0.1,0.09,38.636
70.1,5.1,0.09,44.7808
70.1,10.1,0.09,49.73625
75.1,0.1,0.09,41.7208
75.1,5.1,0.09,43.9608
75.1,10.1,0.09,48.70125
80.1,0.1,0.09,41.7208
80.1,5.1,0.09,43.5208
80.1,10.1,0.09,47.72133333
85.1,0.1,0.09,41.6064
85.1,5.1,0.09,42.78826667
85.1,10.1,0.09,46.7694
90.1,0.1,0.09,40.9764
90.1,5.1,0.09,42.0544
90.1,10.1,0.09,45.93
95.1,0.1,0.09,40.7764
95.1,5.1,0.09,41.72826667
95.1,10.1,0.09,45.565
100.1,0.1,0.09,40.5664
100.1,5.1,0.09,41.0088
100.1,10.1,0.09,48.4608
105.1,0.1,0.09,39.9416
105.1,5.1,0.09,40.72976
105.1,10.1,0.09,47.8408
110.1,0.1,0.09,42.484
110.1,5.1,0.09,42.64433333
110.1,10.1,0.09,47.6608
115.1,0.1,0.09,42.601
115.1,5.1,0.09,46.6008
115.1,10.1,0.09,47.2808
120.1,0.1,0.09,42.4968
120.1,5.1,0.09,46.4808
120.1,10.1,0.09,46.7416
125.1,0.1,0.09,41.88266667
125.1,5.1,0.09,45.9008
125.1,10.1,0.09,46.4608
130.1,0.1,0.09,41.74365217
130.1,5.1,0.09,45.7264
130.1,10.1,0.09,45.8416
135.1,0.1,0.09,41.61692308
135.1,5.1,0.09,45.5008
135.1,10.1,0.09,45.6164
140.1,0.1,0.09,41.3216
140.1,5.1,0.09,44.8764
145.1,0.1,0.09,43.6408
145.1,5.1,0.09,44.68826667
150.1,0.1,0.09,43.6564
150.1,5.1,0.09,44.4608
155.1,0.1,0.09,43.5764
155.1,5.1,0.09,43.8842
160.1,0.1,0.09,43.4008
160.1,5.1,0.09,43.7142
165.1,0.1,0.09,45.57885714
165.1,5.1,0.09,45.748
170.1,0.1,0.09,45.65129412
175.1,0.1,0.09,45.55022222
180.1,0.1,0.09,45.3828
185.1,0.1,0.09,44.90872727
190.1,0.1,0.09,47.4164
195.1,0.1,0.09,47.2808
200.1,0.1,0.09,49.63818182
205.1,0.1,0.09,49.61768421
210.1,0.1,0.09,49.46453333
215.1,0.1,0.09,51.3208
220.1,0.1,0.09,51.4408
225.1,0.1,0.09,53.80266667
15.1,0.1,0.1,52.8508
20.1,0.1,0.1,48.5108
25.1,0.1,0.1,73.85
25.1,5.1,0.1,73.97271429
30.1,0.1,0.1,42.6508
30.1,5.1,0.1,59.98992
35.1,0.1,0.1,40.6108
35.1,5.1,0.1,49.07057143
40.1,0.1,0.1,38.9264
40.1,5.1,0.1,46.73305882
45.1,0.1,0.1,37.73826667
45.1,5.1,0.1,44.2396
50.1,0.1,0.1,36.7516
50.1,5.1,0.1,47.5308
55.1,0.1,0.1,39.6855
55.1,5.1,0.1,46.9308
55.1,10.1,0.1,53.9212
60.1,0.1,0.1,39.47133333
60.1,5.1,0.1,46.1908
60.1,10.1,0.1,52.50333333
65.1,0.1,0.1,38.9024
65.1,5.1,0.1,45.6108
65.1,10.1,0.1,50.88653333
70.1,0.1,0.1,38.65690909
70.1,5.1,0.1,44.7964
70.1,10.1,0.1,49.77423529
75.1,0.1,0.1,41.8108
75.1,5.1,0.1,43.9664
75.1,10.1,0.1,48.74242105
80.1,0.1,0.1,41.7708
80.1,5.1,0.1,43.5108
80.1,10.1,0.1,47.7652381
85.1,0.1,0.1,41.6508
85.1,5.1,0.1,42.7964
85.1,10.1,0.1,46.82333333
90.1,0.1,0.1,41.0488
90.1,5.1,0.1,42.0544
90.1,10.1,0.1,45.99916923
95.1,0.1,0.1,40.8116
95.1,5.1,0.1,41.7292
95.1,10.1,0.1,48.5108
100.1,0.1,0.1,40.6064
100.1,5.1,0.1,41.0144
100.1,10.1,0.1,48.6308
105.1,0.1,0.1,39.9716
105.1,5.1,0.1,40.7392
105.1,10.1,0.1,48.1508
110.1,0.1,0.1,42.6605
110.1,5.1,0.1,46.6308
110.1,10.1,0.1,47.7464
115.1,0.1,0.1,42.69453333
115.1,5.1,0.1,46.7508
115.1,10.1,0.1,47.4308
120.1,0.1,0.1,42.5925
120.1,5.1,0.1,46.6108
120.1,10.1,0.1,46.8064
125.1,0.1,0.1,42.0176
125.1,5.1,0.1,46.0688
125.1,10.1,0.1,46.5464
130.1,0.1,0.1,41.8065
130.1,5.1,0.1,45.7964
130.1,10.1,0.1,45.89826667
135.1,0.1,0.1,41.67293333
135.1,5.1,0.1,45.5564
140.1,0.1,0.1,43.7508
140.1,5.1,0.1,44.9508
145.1,0.1,0.1,43.8108
145.1,5.1,0.1,44.75826667
150.1,0.1,0.1,43.7564
150.1,5.1,0.1,44.5164
155.1,0.1,0.1,43.66493333
155.1,5.1,0.1,46.51177778
160.1,0.1,0.1,43.5264
165.1,0.1,0.1,45.8205
170.1,0.1,0.1,45.75466667
175.1,0.1,0.1,45.6365
180.1,0.1,0.1,45.53483333
185.1,0.1,0.1,47.5908
190.1,0.1,0.1,47.5664
195.1,0.1,0.1,47.4664
200.1,0.1,0.1,49.871
205.1,0.1,0.1,49.76072
15.1,0.1,0.11,52.8808
20.1,0.1,0.11,48.5208
25.1,0.1,0.11,73.848
25.1,5.1,0.11,74.017
30.1,0.1,0.11,42.6408
30.1,5.1,0.11,60.0688
35.1,0.1,0.11,40.5808
35.1,5.1,0.11,49.0605
40.1,0.1,0.11,38.9164
40.1,5.1,0.11,46.74133333
45.1,0.1,0.11,37.7364
45.1,5.1,0.11,44.324
50.1,0.1,0.11,36.7464
50.1,5.1,0.11,47.7408
55.1,0.1,0.11,39.7828
55.1,5.1,0.11,47.0488
55.1,10.1,0.11,53.9952
60.1,0.1,0.11,39.60177778
60.1,5.1,0.11,46.3808
60.1,10.1,0.11,52.62545455
65.1,0.1,0.11,38.95768421
65.1,5.1,0.11,45.6864
65.1,10.1,0.11,50.96971429
70.1,0.1,0.11,38.70752
70.1,5.1,0.11,44.8364
70.1,10.1,0.11,49.85022222
75.1,0.1,0.11,41.9008
75.1,5.1,0.11,44.0244
75.1,10.1,0.11,48.8184
80.1,0.1,0.11,41.8408
80.1,5.1,0.11,43.5808
80.1,10.1,0.11,47.84190476
85.1,0.1,0.11,41.7264
85.1,5.1,0.11,42.83493333
85.1,10.1,0.11,46.9264
90.1,0.1,0.11,41.3808
90.1,5.1,0.11,42.1044
90.1,10.1,0.11,46.28
95.1,0.1,0.11,40.8764
95.1,5.1,0.11,41.7642
95.1,10.1,0.11,49.4408
100.1,0.1,0.11,40.67493333
100.1,5.1,0.11,41.0696
100.1,10.1,0.11,48.7964
105.1,0.1,0.11,40.0444
105.1,5.1,0.11,43.5255
105.1,10.1,0.11,48.4408
110.1,0.1,0.11,42.8005
110.1,5.1,0.11,47.5008
110.1,10.1,0.11,47.8564
115.1,0.1,0.11,42.76186667
115.1,5.1,0.11,46.9008
115.1,10.1,0.11,47.6264
120.1,0.1,0.11,42.6824
120.1,5.1,0.11,46.7208
120.1,10.1,0.11,46.8964
125.1,0.1,0.11,42.5
125.1,5.1,0.11,46.5408
125.1,10.1,0.11,46.6664
130.1,0.1,0.11,41.89327273
130.1,5.1,0.11,45.8608
130.1,10.1,0.11,48.64333333
135.1,0.1,0.11,41.74164706
135.1,5.1,0.11,45.67493333
140.1,0.1,0.11,44.3808
140.1,5.1,0.11,45.1408
145.1,0.1,0.11,44.2808
145.1,5.1,0.11,44.80826667
150.1,0.1,0.11,43.8664
150.1,5.1,0.11,44.6216
155.1,0.1,0.11,46.536
155.1,5.1,0.11,46.66828571
160.1,0.1,0.11,46.5248
165.1,0.1,0.11,46.348
170.1,0.1,0.11,45.87125
175.1,0.1,0.11,45.75158621
180.1,0.1,0.11,45.631
185.1,0.1,0.11,47.7408
190.1,0.1,0.11,50.49666667
15.1,0.1,0.12,52.8508
20.1,0.1,0.12,48.4708
25.1,0.1,0.12,73.86
25.1,5.1,0.12,74.04466667
30.1,0.1,0.12,42.5908
30.1,5.1,0.12,60.0688
35.1,0.1,0.12,40.5108
35.1,5.1,0.12,54.2708
40.1,0.1,0.12,38.8964
40.1,5.1,0.12,46.72129412
45.1,0.1,0.12,37.7116
45.1,5.1,0.12,44.25666667
50.1,0.1,0.12,36.7264
50.1,5.1,0.12,47.8308
55.1,0.1,0.12,39.8448
55.1,5.1,0.12,47.1088
55.1,10.1,0.12,54.02072727
60.1,0.1,0.12,39.65433333
60.1,5.1,0.12,46.4508
60.1,10.1,0.12,52.664
65.1,0.1,0.12,38.9614
65.1,5.1,0.12,45.7064
65.1,10.1,0.12,51.011
70.1,0.1,0.12,38.72525926
70.1,5.1,0.12,44.8464
70.1,10.1,0.12,49.88347368
75.1,0.1,0.12,42.0488
75.1,5.1,0.12,44.0244
75.1,10.1,0.12,48.85190476
80.1,0.1,0.12,41.8908
80.1,5.1,0.12,43.5708
80.1,10.1,0.12,47.87963636
85.1,0.1,0.12,41.7564
85.1,5.1,0.12,42.83826667
85.1,10.1,0.12,46.94428571
90.1,0.1,0.12,41.4908
90.1,5.1,0.12,42.1044
90.1,10.1,0.12,49.7308
95.1,0.1,0.12,40.9064
95.1,5.1,0.12,41.76493333
95.1,10.1,0.12,49.6308
100.1,0.1,0.12,40.69826667
100.1,5.1,0.12,43.663
100.1,10.1,0.12,48.9108
105.1,0.1,0.12,43.588
105.1,5.1,0.12,47.8508
105.1,10.1,0.12,48.5908
110.1,0.1,0.12,42.9904
110.1,5.1,0.12,47.6508
110.1,10.1,0.12,47.9308
115.1,0.1,0.12,42.84625
115.1,5.1,0.12,47.1908
115.1,10.1,0.12,47.6864
120.1,0.1,0.12,42.74233333
120.1,5.1,0.12,46.7964
120.1,10.1,0.12,46.9664
125.1,0.1,0.12,42.58136842
125.1,5.1,0.12,46.6064
125.1,10.1,0.12,49.6268
130.1,0.1,0.12,41.96452632
130.1,5.1,0.12,45.9364
135.1,0.1,0.12,44.5708
135.1,5.1,0.12,45.72493333
140.1,0.1,0.12,44.5708
140.1,5.1,0.12,45.3908
145.1,0.1,0.12,44.5164
145.1,5.1,0.12,44.8542
150.1,0.1,0.12,43.9764
150.1,5.1,0.12,46.504
155.1,0.1,0.12,46.73181818
160.1,0.1,0.12,46.67911111
165.1,0.1,0.12,46.58978947
170.1,0.1,0.12,46.09828571
175.1,0.1,0.12,48.3508
15.1,0.1,0.13,52.8808
20.1,0.1,0.13,48.4808
25.1,0.1,0.13,73.86133333
25.1,5.1,0.13,74.134
30.1,0.1,0.13,42.5408
30.1,5.1,0.13,60.1244
35.1,0.1,0.13,40.4208
35.1,5.1,0.13,54.7208
40.1,0.1,0.13,38.8864
40.1,5.1,0.13,46.72423529
45.1,0.1,0.13,37.7064
45.1,5.1,0.13,44.354
50.1,0.1,0.13,39.63466667
50.1,5.1,0.13,48.0088
55.1,0.1,0.13,39.9328
55.1,5.1,0.13,47.2808
60.1,0.1,0.13,39.7232
60.1,5.1,0.13,46.5808
60.1,10.1,0.13,52.736
65.1,0.1,0.13,39.02675
65.1,5.1,0.13,45.7564
65.1,10.1,0.13,51.13193333
70.1,0.1,0.13,38.7702069
70.1,5.1,0.13,44.8964
70.1,10.1,0.13,49.95911111
75.1,0.1,0.13,42.5408
75.1,5.1,0.13,44.0744
75.1,10.1,0.13,48.92509091
80.1,0.1,0.13,41.9808
80.1,5.1,0.13,43.6364
80.1,10.1,0.13,47.95714286
85.1,0.1,0.13,41.8464
85.1,5.1,0.13,42.86826667
85.1,10.1,0.13,50.6208
90.1,0.1,0.13,41.6064
90.1,5.1,0.13,42.1664
90.1,10.1,0.13,50.4808
95.1,0.1,0.13,40.95493333
95.1,5.1,0.13,44.499
95.1,10.1,0.13,49.7808
100.1,0.1,0.13,40.75493333
100.1,5.1,0.13,43.8655
100.1,10.1,0.13,49.3008
105.1,0.1,0.13,43.69454545
105.1,5.1,0.13,48.0688
110.1,0.1,0.13,43.611
110.1,5.1,0.13,47.7808
115.1,0.1,0.13,42.924
115.1,5.1,0.13,47.6064
120.1,0.1,0.13,42.82112
120.1,5.1,0.13,46.9064
125.1,0.1,0.13,42.67442857
125.1,5.1,0.13,46.6764
130.1,0.1,0.13,44.4808
130.1,5.1,0.13,46.0888
135.1,0.1,0.13,44.7408
135.1,5.1,0.13,45.80826667
140.1,0.1,0.13,44.7264
140.1,5.1,0.13,45.5764
145.1,0.1,0.13,44.6064
145.1,5.1,0.13,47.61454545
150.1,0.1,0.13,44.3408
155.1,0.1,0.13,46.79955556
160.1,0.1,0.13,46.7944
165.1,0.1,0.13,46.68769231
170.1,0.1,0.13,46.51466667
15.1,0.1,0.14,52.8308
20.1,0.1,0.14,48.4308
25.1,0.1,0.14,73.87233333
25.1,5.1,0.14,74.127
30.1,0.1,0.14,42.4508
30.1,5.1,0.14,60.1288
35.1,0.1,0.14,40.3108
35.1,5.1,0.14,54.9108
40.1,0.1,0.14,38.8664
40.1,5.1,0.14,46.705
45.1,0.1,0.14,37.6708
45.1,5.1,0.14,44.354
50.1,0.1,0.14,39.864
50.1,5.1,0.14,48.15024
55.1,0.1,0.14,39.99415
55.1,5.1,0.14,47.3908
60.1,0.1,0.14,39.76
60.1,5.1,0.14,46.6108
60.1,10.1,0.14,52.76242105
65.1,0.1,0.14,39.05576471
65.1,5.1,0.14,45.7664
65.1,10.1,0.14,51.18333333
70.1,0.1,0.14,42.5708
70.1,5.1,0.14,44.8964
70.1,10.1,0.14,49.99145
75.1,0.1,0.14,42.6508
75.1,5.1,0.14,44.0744
75.1,10.1,0.14,48.95690909
80.1,0.1,0.14,42.0488
80.1,5.1,0.14,43.6308
80.1,10.1,0.14,47.99496
85.1,0.1,0.14,41.8464
85.1,5.1,0.14,42.8716
85.1,10.1,0.14,50.7508
90.1,0.1,0.14,41.6364
90.1,5.1,0.14,42.1664
90.1,10.1,0.14,50.6508
95.1,0.1,0.14,40.98596
95.1,5.1,0.14,44.69030769
100.1,0.1,0.14,43.746
100.1,5.1,0.14,48.6308
105.1,0.1,0.14,43.80415385
105.1,5.1,0.14,48.4908
110.1,0.1,0.14,43.69188235
110.1,5.1,0.14,47.8708
115.1,0.1,0.14,43.04755556
115.1,5.1,0.14,47.6764
120.1,0.1,0.14,42.87538462
120.1,5.1,0.14,46.98992
125.1,0.1,0.14,42.7216129
125.1,5.1,0.14,46.7264
130.1,0.1,0.14,45.5508
130.1,5.1,0.14,46.2708
135.1,0.1,0.14,44.9508
135.1,5.1,0.14,45.8516
140.1,0.1,0.14,44.8264
140.1,5.1,0.14,45.6316
145.1,0.1,0.14,47.6055
150.1,0.1,0.14,47.59266667
155.1,0.1,0.14,47.44885714
160.1,0.1,0.14,46.92031579
165.1,0.1,0.14,46.80830303
15.1,0.1,0.15,52.8808
20.1,0.1,0.15,48.4408
25.1,0.1,0.15,73.868
25.1,5.1,0.15,74.236
30.1,0.1,0.15,42.4008
30.1,5.1,0.15,60.16024
35.1,0.1,0.15,40.2808
35.1,5.1,0.15,55.0688
40.1,0.1,0.15,38.8564
40.1,5.1,0.15,46.70375
45.1,0.1,0.15,37.6564
45.1,5.1,0.15,49.0288
50.1,0.1,0.15,40.6136
50.1,5.1,0.15,48.4808
55.1,0.1,0.15,40.11466667
55.1,5.1,0.15,47.5608
60.1,0.1,0.15,39.81466667
60.1,5.1,0.15,46.7164
60.1,10.1,0.15,52.82054545
65.1,0.1,0.15,39.12186667
65.1,5.1,0.15,45.8064
70.1,0.1,0.15,42.7408
70.1,5.1,0.15,44.9364
70.1,10.1,0.15,50.0912
75.1,0.1,0.15,42.7364
75.1,5.1,0.15,44.1288
75.1,10.1,0.15,52.5408
80.1,0.1,0.15,42.2208
80.1,5.1,0.15,43.6764
80.1,10.1,0.15,51.7608
85.1,0.1,0.15,41.9264
85.1,5.1,0.15,42.90826667
85.1,10.1,0.15,51.6008
90.1,0.1,0.15,41.7064
90.1,5.1,0.15,44.6776
90.1,10.1,0.15,50.8064
95.1,0.1,0.15,41.0444
95.1,5.1,0.15,44.83125
100.1,0.1,0.15,44.5176
100.1,5.1,0.15,48.8208
105.1,0.1,0.15,43.89723077
105.1,5.1,0.15,48.6208
110.1,0.1,0.15,43.7684
110.1,5.1,0.15,48.0488
115.1,0.1,0.15,43.58114286
115.1,5.1,0.15,47.7464
120.1,0.1,0.15,42.96066667
120.1,5.1,0.15,47.2408
125.1,0.1,0.15,45.5808
125.1,5.1,0.15,46.82826667
130.1,0.1,0.15,45.6208
130.1,5.1,0.15,46.5664
135.1,0.1,0.15,45.5164
135.1,5.1,0.15,48.6055
140.1,0.1,0.15,44.9608
140.1,5.1,0.15,48.6152
145.1,0.1,0.15,47.80177778
150.1,0.1,0.15,47.76355556
155.1,0.1,0.15,47.6494
160.1,0.1,0.15,47.1672
15.1,0.1,0.16,52.8308
20.1,0.1,0.16,48.3708
25.1,0.1,0.16,73.879
25.1,5.1,0.16,74.227
30.1,0.1,0.16,42.3108
30.1,5.1,0.16,60.1488
35.1,0.1,0.16,40.2308
35.1,5.1,0.16,55.3108
40.1,0.1,0.16,38.8364
40.1,5.1,0.16,46.67828571
45.1,0.1,0.16,37.6108
45.1,5.1,0.16,49.5708
50.1,0.1,0.16,40.698
50.1,5.1,0.16,48.5908
55.1,0.1,0.16,40.204
55.1,5.1,0.16,47.6108
60.1,0.1,0.16,39.8444
60.1,5.1,0.16,46.7364
65.1,0.1,0.16,39.15138462
65.1,5.1,0.16,45.8264
70.1,0.1,0.16,42.8308
70.1,5.1,0.16,44.9464
75.1,0.1,0.16,42.7908
75.1,5.1,0.16,44.1288
80.1,0.1,0.16,42.4908
80.1,5.1,0.16,43.6764
80.1,10.1,0.16,52.2308
85.1,0.1,0.16,41.95826667
85.1,5.1,0.16,42.9092
85.1,10.1,0.16,51.7264
90.1,0.1,0.16,41.7364
90.1,5.1,0.16,45.656
95.1,0.1,0.16,44.6755
95.1,5.1,0.16,49.5508
100.1,0.1,0.16,44.65545455
100.1,5.1,0.16,49.0088
105.1,0.1,0.16,44.0235
105.1,5.1,0.16,48.7108
110.1,0.1,0.16,43.82872727
110.1,5.1,0.16,48.2108
115.1,0.1,0.16,43.6547619
115.1,5.1,0.16,47.7964
120.1,0.1,0.16,43.03094737
120.1,5.1,0.16,47.4908
125.1,0.1,0.16,45.7908
125.1,5.1,0.16,46.88493333
130.1,0.1,0.16,45.7364
130.1,5.1,0.16,46.6316
135.1,0.1,0.16,45.6364
135.1,5.1,0.16,48.83646154
140.1,0.1,0.16,48.62454545
145.1,0.1,0.16,48.12266667
150.1,0.1,0.16,47.88452632
155.1,0.1,0.16,47.74871429
15.1,0.1,0.17,52.8608
20.1,0.1,0.17,48.3808
25.1,0.1,0.17,73.87466667
25.1,5.1,0.17,74.52
30.1,0.1,0.17,42.2808
30.1,5.1,0.17,60.2008
35.1,0.1,0.17,40.2008
35.1,5.1,0.17,55.6208
40.1,0.1,0.17,38.8164
40.1,5.1,0.17,51.5808
45.1,0.1,0.17,37.5808
45.1,5.1,0.17,49.8008
50.1,0.1,0.17,40.79454545
50.1,5.1,0.17,48.7208
55.1,0.1,0.17,40.524
55.1,5.1,0.17,47.7008
60.1,0.1,0.17,39.8934
60.1,5.1,0.17,46.7864
65.1,0.1,0.17,39.23511111
65.1,5.1,0.17,45.8764
70.1,0.1,0.17,42.9608
70.1,5.1,0.17,44.9864
75.1,0.1,0.17,42.8608
75.1,5.1,0.17,44.18024
80.1,0.1,0.17,42.6408
80.1,5.1,0.17,43.7216
80.1,10.1,0.17,52.7408
85.1,0.1,0.17,42.0244
85.1,5.1,0.17,45.8255
85.1,10.1,0.17,51.8664
90.1,0.1,0.17,41.78826667
90.1,5.1,0.17,45.79355556
95.1,0.1,0.17,44.82181818
95.1,5.1,0.17,49.7608
100.1,0.1,0.17,44.77125
100.1,5.1,0.17,49.5208
105.1,0.1,0.17,44.468
105.1,5.1,0.17,48.8808
110.1,0.1,0.17,43.92327273
110.1,5.1,0.17,48.5808
115.1,0.1,0.17,43.74637037
115.1,5.1,0.17,47.9216
120.1,0.1,0.17,45.6208
120.1,5.1,0.17,47.6564
125.1,0.1,0.17,46.0288
125.1,5.1,0.17,46.97493333
130.1,0.1,0.17,45.8864
130.1,5.1,0.17,49.664
135.1,0.1,0.17,48.7805
135.1,5.1,0.17,52.6408
140.1,0.1,0.17,48.71971429
145.1,0.1,0.17,48.65952941
150.1,0.1,0.17,48.07733333
155.1,0.1,0.17,47.8585
15.1,0.1,0.18,52.8108
20.1,0.1,0.18,48.3308
25.1,0.1,0.18,73.88566667
25.1,5.1,0.18,74.471
30.1,0.1,0.18,42.2308
30.1,5.1,0.18,60.2108
35.1,0.1,0.18,40.1688
35.1,5.1,0.18,55.7308
40.1,0.1,0.18,38.7864
40.1,5.1,0.18,51.7908
45.1,0.1,0.18,37.4908
45.1,5.1,0.18,49.8908
50.1,0.1,0.18,40.84766667
50.1,5.1,0.18,48.7708
55.1,0.1,0.18,40.59457143
55.1,5.1,0.18,47.7308
60.1,0.1,0.18,39.91857143
60.1,5.1,0.18,46.8064
65.1,0.1,0.18,39.278
65.1,5.1,0.18,45.87826667
70.1,0.1,0.18,43.0688
70.1,5.1,0.18,44.99496
75.1,0.1,0.18,42.9108
75.1,5.1,0.18,44.1744
80.1,0.1,0.18,42.6908
80.1,5.1,0.18,46.68314286
85.1,0.1,0.18,42.0544
85.1,5.1,0.18,46.51133333
90.1,0.1,0.18,44.869
90.1,5.1,0.18,49.7908
95.1,0.1,0.18,44.93909091
95.1,5.1,0.18,49.8908
100.1,0.1,0.18,44.83688889
100.1,5.1,0.18,49.6508
105.1,0.1,0.18,44.62261538
105.1,5.1,0.18,48.9564
110.1,0.1,0.18,43.98147826
110.1,5.1,0.18,48.6708
115.1,0.1,0.18,46.4908
115.1,5.1,0.18,47.9764
120.1,0.1,0.18,46.6664
120.1,5.1,0.18,47.7064
125.1,0.1,0.18,46.5308
125.1,5.1,0.18,49.87177778
130.1,0.1,0.18,49.5636
130.1,5.1,0.18,53.6108
135.1,0.1,0.18,49.0776
140.1,0.1,0.18,48.90244444
145.1,0.1,0.18,48.76307692
150.1,0.1,0.18,48.5168
15.1,0.1,0.19,52.8408
20.1,0.1,0.19,48.3208
25.1,0.1,0.19,73.88133333
25.1,5.1,0.19,74.59466667
30.1,0.1,0.19,42.20024
30.1,5.1,0.19,60.2608
35.1,0.1,0.19,40.1488
35.1,5.1,0.19,55.8808
40.1,0.1,0.19,38.7664
40.1,5.1,0.19,52.0488
45.1,0.1,0.19,37.4408
45.1,5.1,0.19,50.0688
50.1,0.1,0.19,40.92433333
50.1,5.1,0.19,48.8664
55.1,0.1,0.19,40.68545455
55.1,5.1,0.19,47.8364
60.1,0.1,0.19,39.96327273
60.1,5.1,0.19,46.8564
65.1,0.1,0.19,43.6008
65.1,5.1,0.19,45.9216
70.1,0.1,0.19,43.5408
70.1,5.1,0.19,45.04293333
75.1,0.1,0.19,42.9764
75.1,5.1,0.19,44.2364
80.1,0.1,0.19,42.7664
80.1,5.1,0.19,46.88
85.1,0.1,0.19,42.1144
85.1,5.1,0.19,50.5008
90.1,0.1,0.19,45.724
90.1,5.1,0.19,50.7408
95.1,0.1,0.19,45.08685714
95.1,5.1,0.19,50.1288
100.1,0.1,0.19,44.9284
100.1,5.1,0.19,49.7864
105.1,0.1,0.19,44.7144
105.1,5.1,0.19,49.1288
110.1,0.1,0.19,44.1005
110.1,5.1,0.19,48.7816
115.1,0.1,0.19,46.8008
115.1,5.1,0.19,48.1044
120.1,0.1,0.19,46.7808
120.1,5.1,0.19,50.741
125.1,0.1,0.19,49.65466667
125.1,5.1,0.19,53.4808
130.1,0.1,0.19,49.7008
135.1,0.1,0.19,49.69625
140.1,0.1,0.19,49.1048
145.1,0.1,0.19,48.86744828
15.1,0.1,0.2,52.7908
20.1,0.1,0.2,48.2708
25.1,0.1,0.2,73.89233333
25.1,5.1,0.2,74.57233333
30.1,0.1,0.2,42.1688
30.1,5.1,0.2,60.21024
35.1,0.1,0.2,40.1244
35.1,5.1,0.2,55.8708
40.1,0.1,0.2,38.7264
40.1,5.1,0.2,52.21024
45.1,0.1,0.2,40.7316
45.1,5.1,0.2,50.1888
50.1,0.1,0.2,40.971
50.1,5.1,0.2,48.9308
55.1,0.1,0.2,40.71933333
55.1,5.1,0.2,47.8564
60.1,0.1,0.2,39.98506
60.1,5.1,0.2,46.8664
65.1,0.1,0.2,43.7308
65.1,5.1,0.2,45.9264
70.1,0.1,0.2,43.6508
70.1,5.1,0.2,45.04293333
75.1,0.1,0.2,43.0288
75.1,5.1,0.2,47.7355
80.1,0.1,0.2,42.80493333
80.1,5.1,0.2,47.03828571
85.1,0.1,0.2,45.79333333
85.1,5.1,0.2,50.9508
90.1,0.1,0.2,45.82261538
90.1,5.1,0.2,50.8308
95.1,0.1,0.2,45.59171429
95.1,5.1,0.2,50.4108
100.1,0.1,0.2,44.9884
100.1,5.1,0.2,49.8964
105.1,0.1,0.2,44.76952
105.1,5.1,0.2,49.2308
110.1,0.1,0.2,44.18233333
110.1,5.1,0.2,48.8316
115.1,0.1,0.2,47.1288
115.1,5.1,0.2,50.749
120.1,0.1,0.2,46.8964
125.1,0.1,0.2,50.056
130.1,0.1,0.2,49.94114286
135.1,0.1,0.2,49.80234783
140.1,0.1,0.2,49.5568
145.1,0.1,0.2,51.6708
15.1,0.1,0.21,52.8408
20.1,0.1,0.21,48.2808
25.1,0.1,0.21,73.888
25.1,5.1,0.21,82.4008
30.1,0.1,0.21,42.1488
30.1,5.1,0.21,60.2408
35.1,0.1,0.21,40.1088
35.1,5.1,0.21,55.9808
40.1,0.1,0.21,38.6808
40.1,5.1,0.21,52.5608
45.1,0.1,0.21,40.9256
45.1,5.1,0.21,50.4408
50.1,0.1,0.21,41.01542857
50.1,5.1,0.21,48.99552
55.1,0.1,0.21,40.78
55.1,5.1,0.21,47.9164
60.1,0.1,0.21,40.03936842
60.1,5.1,0.21,46.9064
65.1,0.1,0.21,43.8408
65.1,5.1,0.21,45.9664
70.1,0.1,0.21,43.7608
70.1,5.1,0.21,45.07626667
75.1,0.1,0.21,43.1088
75.1,5.1,0.21,47.91636364
80.1,0.1,0.21,42.8616
80.1,5.1,0.21,47.68181818
85.1,0.1,0.21,45.97
85.1,5.1,0.21,51.5408
90.1,0.1,0.21,45.93415385
90.1,5.1,0.21,50.99552
95.1,0.1,0.21,45.71828571
95.1,5.1,0.21,50.7008
100.1,0.1,0.21,45.10586667
100.1,5.1,0.21,49.9664
105.1,0.1,0.21,44.8716
105.1,5.1,0.21,49.5864
110.1,0.1,0.21,47.7408
115.1,0.1,0.21,47.6808
120.1,0.1,0.21,50.8148
125.1,0.1,0.21,50.76186667
130.1,0.1,0.21,50.24133333
135.1,0.1,0.21,49.92538462
140.1,0.1,0.21,52.3608